EmployeeID,EnvironmentSatisfaction,JobSatisfaction,WorkLifeBalance,PositiveSentiment
1,3,4,2,85
2,3,2,4,33
3,2,2,1,65.43
4,4,4,3,65
5,4,1,3,71.39
6,3,2,2,47.25
7,1,3,1,60.25
8,1,2,3,45
9,2,4,3,70.25
10,2,1,3,21.39
11,3,4,3,70.33
12,,4,3,46.5
13,4,1,3,21.5
14,1,2,2,46.5
15,4,4,2,93.56
16,3,4,4,87.25
17,4,3,4,72
18,1,4,3,91.25
19,2,2,2,45.25
20,1,1,3,22.25
21,3,2,1,45.33
22,1,2,2,46.5
23,3,3,2,71.5
24,2,3,3,92.5
25,2,4,2,93.5
26,2,4,3,86.25
27,1,1,3,22.25
28,4,4,3,70.25
29,4,3,1,71.5
30,4,4,3,17.25
31,1,2,3,45.25
32,4,4,3,77.5
33,3,1,3,22.5
34,3,2,3,47.25
35,4,2,2,45.25
36,4,4,3,70.25
37,2,4,2,85.33
38,3,2,4,47
39,3,3,3,70.5
40,3,2,2,45.33
41,3,,3,
42,4,2,3,45
43,4,2,3,31.43
44,4,3,3,71
45,2,1,3,22.25
46,2,4,2,70
47,3,4,2,77.25
48,2,2,3,47.25
49,4,3,2,71.5
50,1,2,3,47
51,4,3,3,70.37
52,3,4,3,70.33
53,1,1,3,22
54,1,1,3,20.25
55,3,4,1,90.5
56,4,2,3,47.5
57,3,1,3,22.25
58,3,4,3,70
59,3,3,3,71.39
60,3,2,2,45
61,3,2,2,45
62,3,2,3,31.43
63,4,3,3,71.39
64,4,4,3,15.25
65,1,4,2,35.26
66,1,4,2,56.6
67,4,4,3,85.25
68,3,3,3,71.5
69,3,4,3,70.33
70,4,3,2,70
71,2,4,2,66.5
72,4,3,3,70.37
73,3,3,4,71.5
74,3,2,3,45
75,4,3,2,72.5
76,3,1,2,20.25
77,4,4,3,70
78,2,4,2,70
79,2,1,2,21.39
80,2,4,3,82.5
81,4,3,3,71.25
82,2,2,3,45.33
83,4,4,2,70.25
84,3,4,3,82.5
85,3,4,,70.26
86,4,2,3,47.5
87,3,2,3,46.25
88,3,4,2,93.56
89,4,2,3,47.5
90,2,3,3,71
91,1,4,3,91.5
92,4,3,2,70.25
93,3,3,3,71.39
94,3,2,3,45.33
95,1,3,1,71.5
96,3,1,3,21.39
97,4,3,4,70.37
98,3,3,3,70
99,1,4,3,70
100,1,2,3,45.33
101,4,4,3,16.6
102,1,4,3,70.26
103,4,3,3,71.39
104,4,3,3,70.37
105,1,4,2,70.26
106,4,3,3,31.39
107,3,1,3,20.37
108,3,3,4,70.37
109,1,2,3,47.5
110,4,4,3,91.5
111,3,3,3,72
112,,2,3,45.25
113,3,2,3,86.25
114,4,4,3,70.26
115,3,2,3,46.5
116,4,2,3,47.25
117,2,4,3,82.25
118,2,3,3,72
119,3,4,2,93.56
120,4,3,3,10.5
121,1,4,2,65
122,3,4,3,91
123,4,3,4,72.25
124,3,2,3,47.5
125,3,,3,
126,1,2,3,47.5
127,2,3,3,71.39
128,3,4,3,91.25
129,4,1,2,10.5
130,4,2,3,47.25
131,2,1,3,21
132,3,2,2,31.43
133,1,2,3,45.25
134,2,3,3,70
135,1,1,2,22.5
136,3,3,3,70.37
137,2,1,1,20.5
138,4,4,3,82
139,3,3,3,71.5
140,2,4,3,82
141,2,3,3,72.5
142,4,1,3,22
143,2,3,3,70.25
144,3,1,2,21.39
145,2,3,3,71.5
146,2,1,3,21.39
147,3,1,3,21
148,1,1,3,21.25
149,4,3,3,71.5
150,1,4,2,55
151,4,4,1,86.5
152,1,3,3,70.5
153,3,4,3,91
154,1,1,1,21.25
155,3,3,2,70.25
156,4,4,4,80
157,1,2,3,46.25
158,4,3,2,71.39
159,4,4,3,93
160,3,3,3,70.37
161,1,4,1,70
162,3,4,1,82.5
163,2,3,3,72.5
164,3,2,4,47
165,1,4,4,93.56
166,3,1,3,20.37
167,1,4,2,82
168,2,3,3,72.25
169,3,4,2,70.33
170,3,1,4,21.39
171,1,4,3,91.25
172,1,3,1,72.25
173,4,3,3,71.5
174,3,3,3,72
175,4,3,3,70.37
176,3,4,3,82.5
177,3,2,4,31.43
178,2,3,4,70
179,1,4,3,91.5
180,4,2,3,47.5
181,4,3,3,72
182,1,3,3,71.39
183,2,1,3,22
184,2,3,3,70
185,2,4,2,91.5
186,3,3,3,52.5
187,2,4,3,70.26
188,1,2,3,31.43
189,4,4,3,70
190,2,3,3,72.5
191,2,3,3,71.39
192,3,3,3,70.5
193,2,4,4,82
194,4,1,2,21.25
195,4,2,4,47
196,,3,2,72.25
197,4,4,4,70
198,1,3,3,72.5
199,3,4,2,70.26
200,2,2,3,45.25
201,3,1,3,22.25
202,1,3,3,70.5
203,1,3,3,72.5
204,1,3,3,70
205,4,4,3,70.33
206,3,4,1,82.25
207,2,4,4,70.26
208,1,3,2,72
209,2,1,3,21.5
210,1,2,3,47.5
211,4,1,3,20
212,4,3,3,70.25
213,4,4,3,87.5
214,3,3,3,70.5
215,2,2,2,45.33
216,4,3,3,70.25
217,2,4,3,27.25
218,1,2,4,45.26
219,4,2,3,45
220,1,2,3,46.5
221,2,3,3,72.5
222,1,3,3,70.25
223,2,1,4,22.25
224,2,4,3,70.33
225,2,1,1,22.5
226,1,4,3,70
227,1,4,4,88
228,1,3,2,71.5
229,4,3,2,72
230,4,2,4,46.25
231,3,4,3,91
232,2,4,2,93.56
233,3,1,2,20.5
234,4,3,3,10.25
235,4,1,1,22
236,1,3,4,71.39
237,3,3,3,71
238,3,1,3,22.25
239,3,3,3,71.25
240,4,4,4,70.33
241,1,3,3,71.25
242,3,3,3,70.37
243,1,4,2,91.25
244,3,3,3,72
245,4,1,4,22.25
246,2,4,2,93.56
247,1,1,3,20.5
248,3,4,3,82.25
249,3,3,3,71.39
250,2,3,2,11
251,2,4,3,70.33
252,3,4,1,70
253,3,2,4,31.43
254,2,2,3,31.43
255,1,4,3,93.56
256,4,3,3,70.25
257,1,1,3,20
258,3,3,3,71.39
259,1,1,4,20.37
260,4,2,3,26.25
261,4,4,3,57.25
262,2,4,3,91.25
263,2,2,3,47.25
264,4,4,3,91.5
265,4,4,3,93.56
266,4,3,3,70.5
267,4,2,4,47.25
268,1,3,3,70
269,4,3,3,70.5
270,4,4,2,70.33
271,2,3,3,70.37
272,2,4,2,70.25
273,3,1,3,92.25
274,3,4,,70
275,4,1,3,21
276,4,1,3,21.25
277,3,3,3,72.25
278,2,4,2,70
279,1,1,3,20.5
280,4,1,2,22.5
281,4,3,3,72.5
282,4,2,3,46.25
283,1,2,3,45.33
284,1,1,3,21
285,3,3,4,72
286,1,3,3,71.39
287,4,3,2,70.5
288,3,4,2,82.25
289,3,3,3,70.5
290,3,3,3,72.5
291,4,4,3,82.5
292,2,3,3,72.25
293,2,1,4,22
294,3,2,1,47.5
295,3,4,2,70
296,4,4,2,87
297,4,1,1,20.5
298,4,2,3,47.25
299,4,4,3,93.56
300,4,1,4,20.5
301,,4,3,70.33
302,4,3,1,71.25
303,2,1,3,20
304,3,1,4,21.25
305,4,4,2,91.25
306,3,4,2,91.5
307,2,3,3,72.5
308,1,3,3,70.5
309,2,3,3,71.25
310,4,4,3,70.26
311,4,1,3,22.5
312,1,1,3,20.25
313,4,4,3,70
314,1,,3,
315,2,3,2,72.25
316,4,1,2,21.5
317,2,4,3,70.33
318,4,1,3,20.37
319,3,4,3,91.5
320,4,1,2,22.5
321,1,1,3,20.37
322,3,1,3,20.25
323,1,4,2,70.33
324,4,3,3,71.5
325,3,2,3,46.5
326,3,1,3,22
327,2,4,2,82
328,3,1,3,21.39
329,3,2,3,46
330,4,3,3,71
331,3,3,3,72
332,2,1,3,21.39
333,3,3,4,70.37
334,1,1,3,21.5
335,3,4,2,36
336,3,2,3,31.43
337,3,3,3,72.5
338,4,2,3,45.33
339,4,3,3,70.37
340,4,4,3,91.5
341,3,3,2,72.5
342,3,2,3,45
343,3,3,3,71.39
344,1,3,3,70.5
345,3,4,2,70.33
346,2,3,3,71.39
347,2,2,2,76.5
348,1,1,2,20.25
349,3,4,3,70
350,3,4,4,91.5
351,3,4,2,82.25
352,2,1,3,22.5
353,3,4,3,26
354,3,3,4,70.5
355,2,2,3,45
356,3,4,1,91.25
357,3,3,3,70.37
358,4,4,2,70.33
359,1,3,2,71
360,4,2,2,47.25
361,1,1,2,20.5
362,1,1,3,21.5
363,3,1,2,22.5
364,2,4,2,70.25
365,2,4,2,82.25
366,2,4,2,91.5
367,1,4,3,70.26
368,4,1,3,21
369,3,3,2,70.25
370,3,4,3,82.5
371,4,3,3,71.25
372,2,4,3,82
373,4,4,1,70.25
374,1,4,2,70.33
375,2,4,3,70.25
376,1,1,3,22
377,3,1,3,20
378,4,3,3,71.25
379,4,2,2,46.5
380,4,4,3,82.25
381,3,1,4,21.25
382,3,1,3,21.25
383,1,4,2,82
384,2,2,3,46.5
385,2,2,3,31.43
386,3,4,2,91
387,4,4,3,82.25
388,2,3,3,71
389,1,4,3,82
390,4,2,3,31.43
391,3,4,3,91
392,4,4,3,91.25
393,4,4,2,91.5
394,3,4,3,91.5
395,1,2,3,46
396,1,1,3,21.25
397,4,4,3,91
398,4,2,4,45.33
399,1,4,1,66.25
400,1,4,3,93.56
401,2,1,3,21.25
402,1,4,3,91.25
403,4,4,2,70.26
404,1,2,4,31.43
405,3,3,2,71
406,,4,2,82
407,3,4,2,91.5
408,4,4,2,82.25
409,2,3,4,72.5
410,2,4,2,70.25
411,3,3,3,72.25
412,4,1,1,21.25
413,2,3,3,90.5
414,2,2,3,47.5
415,3,3,3,70
416,3,1,3,20
417,3,2,3,45.25
418,2,3,4,70.5
419,4,4,1,91.5
420,1,2,2,45
421,4,3,2,70.25
422,4,3,2,70.37
423,2,4,3,91.5
424,4,1,3,20.37
425,3,2,3,45
426,3,2,3,46
427,1,2,2,45
428,3,1,3,20.37
429,4,1,3,20
430,3,3,3,70
431,4,2,4,47.25
432,1,1,3,21.25
433,4,4,1,91.25
434,4,2,3,31.43
435,3,1,4,22
436,3,4,3,70.25
437,2,4,3,91.5
438,1,3,1,70.5
439,3,2,2,47.5
440,3,4,3,82
441,3,3,3,71.25
442,4,4,2,93.56
443,4,3,3,70.25
444,3,3,4,72.5
445,3,3,4,72.25
446,3,4,3,70.25
447,4,4,3,82.5
448,1,3,3,71.39
449,2,2,2,45.33
450,3,3,4,70
451,1,4,3,93.56
452,3,1,3,21.25
453,4,3,3,71
454,4,1,3,21
455,2,4,3,70.25
456,4,4,3,70.33
457,4,4,2,91.25
458,3,2,3,35.33
459,1,3,4,71.5
460,3,2,3,47
461,4,1,3,22.5
462,4,4,3,70.33
463,1,3,3,71.39
464,4,3,3,72
465,3,3,2,71
466,4,3,3,71.39
467,4,3,3,70.25
468,3,2,1,45.25
469,3,1,3,22.25
470,2,4,3,91
471,3,3,3,72.5
472,3,3,2,70.5
473,2,1,2,21.25
474,4,1,3,21.5
475,2,2,3,45.33
476,4,4,3,70.26
477,2,1,2,21
478,1,3,3,70.25
479,3,3,3,71
480,4,3,3,71.25
481,4,4,3,82.25
482,1,4,3,93.56
483,2,4,2,70
484,4,3,,71
485,1,4,3,91.25
486,3,4,3,82.25
487,1,2,1,47.25
488,3,2,3,82.5
489,2,3,3,71.39
490,,4,3,93.56
491,2,1,3,21
492,1,4,3,82
493,4,4,3,93.56
494,4,3,3,72.25
495,3,1,3,21
496,4,1,3,20.37
497,2,4,2,70.25
498,4,4,4,91.5
499,4,3,3,72
500,2,4,2,91.25
501,2,4,1,82.5
502,2,2,3,46.5
503,3,2,3,47.5
504,1,3,2,72
505,1,1,3,22
506,3,3,3,70
507,4,2,3,45
508,3,3,3,90.37
509,2,3,2,70.5
510,4,2,2,45.26
511,3,1,2,20.37
512,1,3,3,71
513,4,4,3,70.25
514,3,3,3,71
515,1,3,3,72.25
516,4,4,2,82.25
517,3,1,4,40.5
518,3,4,3,93.56
519,4,4,3,91.5
520,3,1,2,20.25
521,4,1,3,20.5
522,1,3,4,72.25
523,2,1,2,20.25
524,1,1,3,20.5
525,3,1,2,22
526,2,3,3,71.25
527,3,3,2,72
528,1,4,3,82.25
529,1,3,3,72.5
530,4,2,3,45.25
531,3,3,4,72.5
532,2,1,3,20.37
533,4,4,3,82
534,4,1,3,22.25
535,1,3,3,72.25
536,1,3,2,71.5
537,1,4,2,91
538,4,4,3,70
539,4,4,4,82.25
540,1,3,2,70.5
541,1,2,3,46.5
542,4,1,3,21.39
543,1,2,3,47
544,4,3,3,70.25
545,4,2,3,47.25
546,3,4,3,70.26
547,1,4,2,70
548,2,3,3,70.25
549,2,2,3,31.43
550,3,3,3,70.5
551,3,4,3,91.5
552,4,2,2,45.25
553,1,3,3,70.5
554,4,2,3,45
555,3,1,3,22.25
556,1,4,3,93.56
557,3,3,4,12.25
558,4,2,4,46
559,3,2,2,45.33
560,1,4,3,82
561,3,4,3,82.25
562,1,2,1,46
563,4,4,3,82.5
564,4,2,3,31.43
565,4,3,2,71.5
566,4,2,2,47.25
567,2,4,3,70
568,2,4,2,70.25
569,3,3,4,71
570,3,3,3,72
571,3,3,3,71.39
572,1,1,3,20.37
573,2,4,3,70.26
574,3,3,2,71.39
575,3,4,3,70.25
576,4,3,3,70.5
577,2,3,2,70.5
578,3,3,1,70.5
579,4,1,1,21.25
580,2,3,2,71
581,3,1,2,20.37
582,2,1,4,21.5
583,4,3,3,70
584,4,2,3,47.25
585,3,4,2,82.25
586,1,4,3,70
587,3,,3,
588,3,4,1,93.56
589,3,2,4,47.5
590,4,1,3,21.5
591,4,4,4,70.33
592,1,3,2,72.25
593,3,1,3,20
594,4,1,3,22
595,2,4,3,70.25
596,3,1,3,21
597,1,3,2,71
598,4,4,2,82.5
599,1,3,2,71
600,3,3,3,70.5
601,4,3,3,71
602,2,4,2,70.33
603,3,4,3,70.26
604,3,1,3,21.39
605,4,3,3,71.5
606,2,3,3,70.5
607,1,1,1,20.5
608,3,1,3,82.5
609,2,2,3,47
610,4,1,,21
611,4,1,3,22
612,4,2,3,45.33
613,3,1,3,20.37
614,4,2,1,46.25
615,2,3,2,70
616,3,3,3,70.25
617,3,3,2,72
618,4,4,3,70.33
619,3,4,3,93.56
620,4,4,2,70.26
621,4,1,4,20.25
622,2,4,3,70.33
623,3,2,3,45.26
624,4,3,3,72
625,3,1,3,20.5
626,1,4,3,70.33
627,2,2,4,45.26
628,3,4,3,70.26
629,4,2,3,27.25
630,1,1,3,22
631,3,4,2,91.5
632,1,1,2,20.37
633,4,3,1,71.39
634,1,4,3,82.25
635,1,2,4,47.5
636,1,4,3,91.5
637,4,4,3,82.25
638,3,1,2,20
639,3,1,3,20.5
640,3,4,3,70.26
641,3,4,3,70.26
642,1,3,4,70.37
643,3,2,2,47.5
644,4,2,2,46.5
645,1,3,3,71.5
646,3,4,3,70
647,4,4,4,25
648,4,4,2,91.5
649,3,3,2,71.39
650,2,2,3,45.33
651,4,3,3,71.5
652,2,4,3,82.25
653,4,3,3,72.25
654,3,4,3,70.26
655,3,4,2,91
656,1,2,3,45.33
657,4,2,3,45
658,1,3,1,71.5
659,4,2,3,45.26
660,3,1,3,21.39
661,4,2,2,45
662,4,4,2,82.5
663,3,2,4,46
664,4,3,2,72
665,3,1,2,22.5
666,3,2,4,45.33
667,3,3,3,71
668,2,2,3,47.25
669,4,4,4,70.25
670,3,2,3,47.25
671,1,4,3,87.25
672,4,4,3,56.5
673,2,3,2,61.25
674,3,3,3,72.25
675,2,3,3,71.39
676,4,1,2,20.5
677,4,2,2,45.33
678,3,4,4,93.56
679,,2,3,46
680,3,2,3,47
681,1,3,3,72.5
682,4,3,3,71.5
683,3,1,3,20.5
684,1,4,3,70.26
685,4,3,3,72
686,4,1,4,21.5
687,3,4,3,70.25
688,4,1,3,22.5
689,4,2,3,45.33
690,2,2,2,47.25
691,2,1,3,20
692,1,3,3,71.25
693,4,3,2,72
694,3,2,3,45.26
695,4,2,4,45.26
696,1,1,4,22
697,3,3,2,72.25
698,4,3,3,70.37
699,4,2,3,45.25
700,3,3,3,70.25
701,4,4,2,70.25
702,3,4,3,82.5
703,3,1,3,21
704,3,3,3,72.25
705,3,2,3,31.43
706,2,1,3,20.37
707,3,1,4,21.25
708,4,4,2,91
709,3,1,2,20
710,2,2,3,47
711,1,1,2,21.39
712,4,4,3,70.25
713,3,4,3,70.26
714,4,2,2,47.5
715,4,4,4,70.26
716,4,4,3,91.25
717,4,4,3,91.5
718,1,3,2,72.25
719,4,2,3,31.43
720,1,3,3,71.25
721,2,3,3,72.25
722,2,3,3,71.39
723,3,4,4,82.25
724,4,3,2,71.39
725,4,3,3,72.5
726,3,4,4,82.25
727,3,1,3,20.5
728,4,3,2,72.25
729,1,4,4,82.25
730,2,2,3,31.43
731,4,4,2,91.5
732,3,3,3,72.25
733,2,4,4,91
734,3,2,2,47
735,3,3,3,70.5
736,1,3,,72.5
737,4,3,2,70
738,1,3,1,71.5
739,4,4,3,65.25
740,4,3,3,70.5
741,1,4,3,70.26
742,3,1,3,20.37
743,3,1,1,21.25
744,1,3,3,70.5
745,3,4,3,70
746,1,4,2,82.25
747,3,1,3,22.25
748,2,1,2,21
749,1,1,3,21
750,3,4,3,70.26
751,4,4,2,82.5
752,4,1,3,21
753,2,4,4,70
754,1,2,3,31.43
755,2,3,3,50.25
756,4,1,3,21
757,1,2,4,17.5
758,4,1,3,20.5
759,1,2,4,46
760,2,1,4,22
761,1,4,2,70.26
762,3,1,2,22.25
763,1,4,2,70.26
764,1,1,3,22.5
765,3,3,1,70
766,1,1,4,21.5
767,1,3,4,70.37
768,4,3,3,72.25
769,4,4,2,93.56
770,4,2,2,47.5
771,2,3,2,71.5
772,3,3,4,71.25
773,1,4,3,82.25
774,1,4,4,91.5
775,1,1,4,21.5
776,3,2,3,31.43
777,2,1,3,22.5
778,4,2,3,46.5
779,2,4,1,91
780,2,4,4,91.5
781,3,1,3,22.25
782,1,3,3,71.25
783,4,2,3,47
784,4,1,3,21.5
785,3,3,3,72.5
786,4,2,2,45
787,1,3,2,72
788,3,3,4,72.5
789,4,2,2,47.25
790,4,1,3,21.5
791,4,1,3,22
792,4,3,2,70.37
793,1,4,3,70.26
794,1,3,2,71.5
795,3,3,2,71.39
796,2,3,2,71.25
797,3,2,3,47.25
798,2,1,2,20.37
799,1,3,4,70.5
800,1,2,1,47.5
801,1,2,4,45
802,4,3,3,72
803,2,1,2,22.25
804,4,2,3,47.25
805,2,3,2,70.37
806,3,3,3,72
807,3,3,4,70
808,4,3,3,70
809,1,2,3,47
810,3,3,2,72
811,3,1,2,22
812,1,3,1,70.37
813,3,1,3,22
814,3,1,3,20.25
815,4,2,3,47.25
816,3,2,2,31.43
817,4,3,3,71.39
818,3,4,4,91
819,2,4,3,82
820,1,1,1,21.5
821,4,1,4,22.5
822,2,2,3,45.33
823,3,2,4,45
824,4,2,1,45.25
825,1,3,3,70.25
826,4,1,1,20.5
827,4,3,3,71.39
828,4,3,1,71.25
829,3,4,3,91.5
830,2,3,3,72.25
831,3,2,3,46
832,1,4,3,82
833,3,1,3,22.25
834,4,2,3,45.26
835,4,4,3,82.25
836,4,4,1,91.5
837,1,1,4,20.37
838,2,3,3,70.5
839,3,4,3,91.25
840,3,1,3,22.5
841,4,4,3,93.56
842,1,2,3,47.25
843,2,3,3,70.37
844,4,2,3,46
845,3,4,2,91
846,3,3,3,70.25
847,,3,2,60
848,1,1,1,20.5
849,2,1,3,20.5
850,3,3,3,71.5
851,4,1,3,20.37
852,3,2,3,31.43
853,1,1,3,21.5
854,3,4,3,92
855,3,2,3,47
856,4,1,2,20.25
857,3,1,2,22.5
858,1,4,1,91.5
859,3,4,3,70
860,2,,2,
861,1,4,3,70.26
862,3,2,,46
863,2,2,4,47
864,2,3,3,70.5
865,2,1,3,21
866,1,3,3,72
867,4,3,3,72
868,1,4,4,70.33
869,3,3,3,72
870,4,3,3,70.37
871,1,1,3,22
872,4,4,3,82.5
873,2,3,2,71.39
874,4,3,2,71.39
875,4,1,3,22.25
876,4,2,3,46
877,3,4,2,70.33
878,4,1,1,21.25
879,3,2,3,70.26
880,2,3,2,71
881,2,3,3,71.25
882,2,4,3,82
883,2,4,2,82.5
884,2,2,2,47
885,3,1,3,22.25
886,1,1,3,22
887,4,1,3,22.25
888,3,3,3,70.5
889,3,4,3,91.5
890,3,1,2,21.39
891,2,1,3,20.37
892,4,1,3,22.25
893,2,1,3,21.25
894,2,1,2,21.5
895,3,4,3,70.33
896,2,4,4,91.25
897,4,3,3,71.5
898,3,3,3,71
899,1,3,3,71.25
900,3,3,3,70
901,3,3,2,71.25
902,1,3,1,70
903,4,4,3,81.39
904,4,3,4,70.37
905,4,1,3,22.25
906,2,2,1,45.25
907,3,4,2,93.56
908,1,4,3,82.5
909,3,4,3,70.33
910,,4,2,91
911,1,4,3,70.25
912,2,3,3,70.25
913,4,4,2,70.25
914,1,1,1,20.25
915,3,3,3,72.25
916,2,1,3,21.5
917,4,3,3,70
918,4,2,3,45.25
919,1,2,3,45.26
920,4,1,3,20.5
921,3,3,3,71.25
922,4,2,3,46.25
923,1,2,3,31.43
924,3,3,3,72.5
925,4,3,3,70.37
926,4,1,3,21.5
927,2,3,3,72
928,3,3,3,70
929,4,4,4,70.26
930,4,4,4,93.56
931,1,2,2,45.33
932,4,4,3,93.56
933,4,2,2,45.33
934,1,4,3,91
935,4,1,2,21.5
936,4,2,3,45.33
937,2,2,3,31.43
938,3,3,3,71.25
939,4,3,3,71
940,4,1,3,81.25
941,3,4,3,91.25
942,1,3,2,71.5
943,3,4,3,91.25
944,4,3,3,70.5
945,4,3,2,72.5
946,2,4,3,91.25
947,4,3,3,70.37
948,4,2,3,46.5
949,4,4,3,93.56
950,1,2,3,45.25
951,2,4,4,70
952,3,4,4,70.33
953,2,2,3,46
954,3,4,2,91.25
955,2,4,3,70
956,3,4,3,82.5
957,3,4,3,91
958,1,4,4,93.56
959,4,4,3,82.25
960,3,3,3,71.25
961,4,3,3,72.25
962,4,3,3,71
963,3,4,2,70.25
964,3,3,2,71.5
965,4,3,3,71.25
966,3,3,1,72
967,4,3,4,70
968,4,2,3,47.25
969,1,3,2,71
970,2,3,4,70
971,3,2,3,45.25
972,2,1,3,20
973,2,1,4,20.37
974,3,2,3,47.5
975,4,3,3,72
976,2,4,2,91.5
977,3,2,1,45
978,3,4,2,91.5
979,2,1,3,21.5
980,1,2,3,47.25
981,3,2,1,45
982,4,4,2,82.25
983,4,4,3,91
984,4,3,1,22.25
985,2,2,2,47.5
986,3,3,4,51.25
987,4,1,3,20
988,1,4,,82.25
989,3,4,2,82.25
990,1,3,3,71.5
991,3,4,2,82.25
992,2,2,3,46.25
993,4,3,4,71.39
994,3,1,3,21
995,4,4,3,66.5
996,4,2,2,45.25
997,4,4,4,70.26
998,1,1,2,20
999,3,2,2,45.25
1000,1,3,3,71.5
1001,4,1,3,20.5
1002,3,3,3,71.5
1003,2,2,3,85.26
1004,2,4,3,70.25
1005,3,3,3,70.25
1006,2,2,2,47.25
1007,3,1,3,20
1008,4,2,2,45.25
1009,3,1,3,21.25
1010,4,3,3,72.5
1011,1,3,2,72.5
1012,2,4,3,82
1013,4,4,3,70.26
1014,2,2,3,46.5
1015,4,3,3,72
1016,3,1,3,20.25
1017,1,4,3,70.26
1018,1,3,3,70.5
1019,2,2,3,47
1020,3,4,3,70.26
1021,4,1,3,21.25
1022,3,2,2,46
1023,3,2,2,46.25
1024,3,4,3,82.5
1025,4,1,3,20.37
1026,3,4,4,70
1027,3,3,3,70.5
1028,2,2,3,45.33
1029,3,1,2,21
1030,2,1,2,21.39
1031,2,4,3,91.5
1032,1,2,3,45
1033,4,1,2,20
1034,4,1,1,21.39
1035,3,4,3,65.26
1036,1,3,2,70.5
1037,2,2,1,46.5
1038,3,3,4,70.37
1039,1,3,3,70.5
1040,4,2,3,47.5
1041,4,2,4,46.25
1042,3,4,3,86.5
1043,2,3,3,70.5
1044,2,2,2,47.25
1045,2,3,4,71.25
1046,3,2,3,46.25
1047,2,1,3,21.5
1048,4,4,2,82
1049,1,1,3,22.5
1050,3,1,3,21
1051,2,4,2,93.56
1052,3,4,3,82
1053,1,3,3,72.5
1054,2,3,1,71
1055,4,1,3,21
1056,1,1,3,21.25
1057,3,3,4,90.5
1058,4,2,3,45.26
1059,1,4,3,70.33
1060,4,4,2,70
1061,4,4,4,70.25
1062,4,4,4,70.33
1063,3,3,2,72.5
1064,2,3,3,70.5
1065,4,4,2,82
1066,3,4,3,93.56
1067,4,3,3,72
1068,4,3,3,72.25
1069,3,2,2,46.5
1070,1,1,3,21
1071,2,3,3,72.25
1072,4,2,3,31.43
1073,1,3,3,71
1074,4,2,3,46.5
1075,4,4,2,82
1076,3,2,3,46
1077,4,1,2,20.5
1078,,4,3,70.26
1079,2,4,4,82.25
1080,2,2,3,45.33
1081,2,4,2,91.25
1082,4,2,3,46
1083,2,3,3,72.5
1084,2,3,3,72.5
1085,3,4,3,82.5
1086,4,1,3,20.25
1087,4,1,3,20.5
1088,4,2,3,45.33
1089,2,4,2,91.5
1090,2,4,2,70.25
1091,1,1,3,21
1092,2,3,2,70.25
1093,1,3,,72.5
1094,4,4,3,91.5
1095,2,1,3,21.39
1096,4,1,3,20.5
1097,1,4,3,93.56
1098,3,2,1,82.5
1099,3,2,3,45
1100,3,1,4,20.5
1101,3,4,3,91.5
1102,4,4,2,91
1103,1,3,2,70
1104,3,4,3,91.5
1105,2,3,3,71.5
1106,2,3,2,70.25
1107,3,4,3,93.56
1108,3,1,3,21
1109,1,3,3,70.37
1110,2,2,2,46.25
1111,3,4,3,70.26
1112,4,3,3,71.25
1113,3,2,4,46.5
1114,4,1,3,22
1115,1,1,3,22.25
1116,4,2,3,47
1117,4,4,2,70
1118,1,3,3,71.5
1119,2,4,4,70
1120,2,4,3,91.25
1121,2,4,3,70.25
1122,1,2,3,31.43
1123,2,1,1,21.39
1124,3,3,2,81
1125,3,1,4,22
1126,1,2,3,46.25
1127,1,4,2,70
1128,4,3,2,71.5
1129,3,1,2,22
1130,1,1,2,21.25
1131,3,4,3,82
1132,4,1,3,20.5
1133,3,4,2,82.25
1134,1,1,2,21.25
1135,3,4,3,91
1136,4,4,3,93.56
1137,4,4,3,91.25
1138,1,4,3,82.5
1139,1,1,2,21
1140,1,3,2,72.25
1141,4,3,3,70.25
1142,1,3,3,70
1143,4,2,3,47
1144,3,2,3,47.25
1145,4,4,3,91.5
1146,2,1,3,21
1147,4,3,3,71.5
1148,3,3,4,71.25
1149,3,1,3,22
1150,2,3,2,71
1151,4,4,4,70.25
1152,4,3,4,70
1153,2,2,3,31.43
1154,3,2,3,31.43
1155,4,2,2,46.25
1156,4,3,2,70.25
1157,1,3,3,71
1158,2,3,2,72.5
1159,4,2,3,47.25
1160,1,3,3,70
1161,1,3,3,70.25
1162,4,1,2,20.5
1163,4,4,3,70.26
1164,3,2,1,46
1165,4,3,3,70.25
1166,4,3,4,71
1167,2,3,3,72
1168,2,4,3,70
1169,3,2,3,47
1170,1,4,2,70.25
1171,2,2,3,46
1172,1,4,3,91.5
1173,2,3,3,72
1174,3,4,3,91.5
1175,3,4,3,91.5
1176,1,3,2,71.5
1177,1,4,2,70
1178,2,4,3,70.25
1179,3,1,3,22
1180,4,4,2,93.56
1181,4,1,2,21.39
1182,1,4,3,82.5
1183,4,2,3,45
1184,3,3,2,71.39
1185,1,4,4,91
1186,1,3,2,72.25
1187,4,3,1,71
1188,1,2,3,45.33
1189,4,3,3,71.25
1190,4,4,2,82.5
1191,3,2,3,27.5
1192,4,1,3,22
1193,3,4,3,91
1194,1,4,3,91.5
1195,2,3,3,71
1196,2,,2,
1197,4,3,3,71.25
1198,3,3,,71.5
1199,3,3,4,70.37
1200,3,3,3,70.5
1201,3,4,3,82.5
1202,4,2,3,45.25
1203,4,1,1,21.5
1204,4,1,3,21
1205,2,4,2,91.25
1206,2,1,3,22
1207,4,3,3,71.5
1208,3,4,3,91.5
1209,4,1,3,21
1210,2,2,3,45.25
1211,4,2,2,47.5
1212,2,3,4,71.39
1213,2,4,1,82.5
1214,3,2,3,45.25
1215,4,3,3,72.25
1216,4,3,3,72
1217,1,2,3,31.43
1218,4,4,2,82.25
1219,3,1,2,21
1220,4,3,3,72.5
1221,4,3,3,72.25
1222,3,3,2,71.5
1223,1,2,3,47
1224,4,3,3,71.25
1225,,3,2,70.25
1226,2,4,3,82.25
1227,3,3,3,70.37
1228,2,1,3,52
1229,1,2,2,46
1230,4,4,2,70.33
1231,1,4,3,70.25
1232,4,4,3,91.5
1233,1,3,2,70
1234,3,1,3,21
1235,1,2,3,45
1236,3,4,3,82
1237,2,1,3,20.5
1238,3,3,2,71.25
1239,2,1,3,20.5
1240,3,2,3,47.5
1241,1,4,3,91.25
1242,2,1,2,22.25
1243,3,4,3,91.5
1244,4,4,4,82.25
1245,4,3,3,71.5
1246,4,4,4,70.25
1247,2,4,2,70.26
1248,4,3,2,71.39
1249,1,3,3,72.5
1250,4,4,3,91.25
1251,2,1,4,20
1252,3,1,3,20.25
1253,3,4,3,70.33
1254,4,1,3,21.25
1255,1,3,2,71
1256,4,3,3,72
1257,3,4,3,70.33
1258,2,3,3,72
1259,2,3,3,72
1260,2,2,3,46
1261,1,4,,82.25
1262,4,4,3,82.25
1263,1,3,3,61.5
1264,3,3,2,71.39
1265,2,1,2,20.37
1266,3,1,3,20.25
1267,3,4,2,07.25
1268,1,4,3,16
1269,2,1,2,22
1270,3,1,3,22
1271,4,4,2,82.25
1272,1,3,4,71.39
1273,1,4,3,91.25
1274,4,4,3,82.25
1275,2,3,2,70.37
1276,1,1,2,22
1277,3,3,3,72.5
1278,4,3,3,71.25
1279,2,2,3,47
1280,2,1,3,21.5
1281,2,1,2,20.5
1282,4,3,2,70.25
1283,1,3,2,72.5
1284,3,2,3,47
1285,3,2,3,46
1286,2,2,3,47.25
1287,2,4,3,91
1288,3,4,3,82
1289,3,1,3,21.5
1290,4,1,4,21.39
1291,1,3,4,70.37
1292,2,2,3,45.33
1293,4,4,2,82
1294,2,3,3,72
1295,1,4,3,70.33
1296,2,4,3,91.5
1297,1,2,3,15.26
1298,4,4,2,91.25
1299,3,1,3,22.5
1300,4,4,3,70.33
1301,3,4,3,70
1302,3,4,3,91
1303,3,2,2,31.43
1304,3,4,1,91
1305,3,2,2,46.5
1306,3,1,2,22.5
1307,2,3,3,70.25
1308,1,3,1,70
1309,1,3,2,71.39
1310,2,3,4,72.5
1311,4,3,2,72.25
1312,2,2,4,47
1313,3,1,3,20
1314,4,1,3,20.37
1315,4,4,3,82.5
1316,1,3,3,71.39
1317,3,4,4,91.5
1318,3,4,3,70.25
1319,1,2,2,45.33
1320,3,3,3,72.5
1321,4,4,3,82.25
1322,2,4,3,82
1323,1,1,2,20.25
1324,1,3,,70.5
1325,4,4,3,70.26
1326,2,3,3,71
1327,3,2,3,45.25
1328,3,4,3,93.56
1329,3,1,3,21.25
1330,2,4,3,82.5
1331,1,4,3,91
1332,3,4,4,70.33
1333,1,3,2,70.5
1334,3,2,4,46
1335,2,2,3,47.25
1336,1,3,3,71
1337,2,3,2,72.25
1338,3,2,2,47
1339,4,4,2,82.5
1340,4,3,2,71
1341,3,4,3,82.5
1342,3,1,2,20.37
1343,2,3,3,70.37
1344,3,4,3,91.5
1345,2,3,3,71.39
1346,3,3,3,71.5
1347,3,3,3,71.39
1348,2,2,3,46
1349,1,4,3,70.33
1350,4,3,4,72.25
1351,1,3,3,70.37
1352,3,4,1,70.25
1353,1,1,4,21.5
1354,3,4,2,91
1355,4,3,3,71.5
1356,1,3,2,72.5
1357,4,4,4,82
1358,4,1,3,20.37
1359,2,4,3,70.26
1360,4,1,2,20.5
1361,3,1,3,22.5
1362,2,2,3,46.25
1363,2,2,3,46.25
1364,3,2,3,46.25
1365,2,3,1,70.25
1366,2,2,1,45.26
1367,2,4,3,82
1368,4,3,3,72
1369,2,3,3,71.25
1370,2,2,2,47.5
1371,3,4,2,82.5
1372,3,3,3,72.5
1373,3,4,3,70
1374,4,2,1,45
1375,3,4,1,82
1376,3,4,1,82.25
1377,3,3,2,71.39
1378,3,2,3,46.5
1379,1,3,3,72.5
1380,2,4,3,93.56
1381,1,4,4,82
1382,3,3,3,71.39
1383,3,2,2,46.5
1384,3,1,4,22.25
1385,4,2,2,47.25
1386,3,1,3,20.25
1387,3,1,4,22.5
1388,3,1,3,20.25
1389,3,4,4,45.25
1390,2,4,2,91.25
1391,2,1,3,21.5
1392,3,4,3,82.5
1393,3,4,3,70
1394,4,2,3,45
1395,2,2,2,47.25
1396,3,3,2,70.37
1397,4,1,3,22.5
1398,4,2,3,45
1399,4,3,3,70.5
1400,3,2,3,45.26
1401,4,3,2,72.25
1402,4,2,3,31.43
1403,3,3,3,71.5
1404,4,2,2,46
1405,2,3,3,70.25
1406,4,4,4,82.25
1407,1,4,3,70.25
1408,2,1,,21.25
1409,2,2,3,47.25
1410,3,3,3,71.25
1411,4,3,3,71
1412,4,4,1,70.25
1413,3,1,3,21.5
1414,4,4,3,82.25
1415,4,3,4,71.39
1416,3,4,4,70
1417,2,1,3,22
1418,2,4,2,70.33
1419,4,2,2,70.33
1420,2,4,3,70.26
1421,4,4,1,70
1422,4,1,3,20.5
1423,4,4,2,70.26
1424,3,3,3,70
1425,4,3,3,71.25
1426,2,2,1,45.26
1427,4,1,3,20
1428,4,4,3,70.25
1429,3,1,2,21.39
1430,3,3,2,71
1431,4,4,3,70.26
1432,4,1,3,21.25
1433,4,2,4,31.43
1434,3,2,3,31.43
1435,2,4,3,82.5
1436,1,3,2,70.37
1437,3,3,3,71.25
1438,3,4,3,91
1439,1,4,3,70
1440,2,4,3,82.25
1441,3,3,4,71.39
1442,3,4,2,82.5
1443,3,4,2,93.56
1444,3,4,3,91
1445,2,3,2,71.5
1446,4,4,2,82
1447,3,4,1,91
1448,4,4,3,82.5
1449,1,1,4,22
1450,1,3,4,41.39
1451,3,2,3,47.5
1452,4,3,1,71.25
1453,3,3,3,71.5
1454,3,4,3,70.33
1455,3,1,2,22
1456,1,4,3,91
1457,3,4,3,91.5
1458,2,3,3,72
1459,3,4,2,70.26
1460,4,1,3,22
1461,3,1,2,20.25
1462,1,3,3,70.5
1463,1,3,3,70.25
1464,3,3,3,71.25
1465,3,4,3,82
1466,4,1,3,21.39
1467,4,4,3,91.5
1468,1,3,3,70.25
1469,4,,3,
1470,1,3,3,72.5
1471,3,4,,70.26
1472,3,2,4,46.25
1473,2,2,1,46.25
1474,4,4,3,91.25
1475,4,1,3,22.5
1476,3,2,2,47.25
1477,,3,1,71.5
1478,1,2,3,46.25
1479,2,4,3,82
1480,2,1,3,20.5
1481,3,4,3,91.5
1482,4,4,3,93.56
1483,4,1,3,21.39
1484,1,2,2,45.26
1485,4,4,2,91.5
1486,3,4,4,82
1487,4,3,4,72
1488,1,4,3,70.25
1489,2,2,2,47.5
1490,1,1,3,21.39
1491,3,2,1,46
1492,1,2,2,46
1493,3,3,2,70.25
1494,2,3,3,71.5
1495,2,4,2,82.5
1496,2,4,3,70
1497,1,1,3,22
1498,4,4,3,70.26
1499,4,3,1,71.25
1500,4,4,3,82
1501,1,2,3,45.25
1502,4,4,3,70.25
1503,3,1,3,20
1504,3,2,3,31.43
1505,4,2,2,46
1506,4,4,3,70.33
1507,2,4,2,82.25
1508,3,2,4,70.25
1509,3,3,3,70.25
1510,3,2,2,46
1511,3,4,3,70
1512,4,2,3,45.26
1513,4,2,3,31.43
1514,4,3,3,72.25
1515,2,1,3,21.39
1516,2,4,2,70.33
1517,3,4,2,70.33
1518,2,2,3,45
1519,4,3,2,71.5
1520,1,2,3,47.5
1521,4,3,3,71.25
1522,3,4,3,91.25
1523,1,1,3,11.25
1524,1,1,3,21.39
1525,3,4,1,82
1526,4,2,3,45.26
1527,3,1,3,21.5
1528,3,4,3,91
1529,3,3,3,72.25
1530,3,2,2,46.25
1531,3,2,2,46.5
1532,3,2,3,46.5
1533,4,3,3,70.37
1534,4,4,,70.33
1535,1,4,2,70.33
1536,1,4,2,82
1537,4,4,3,91
1538,3,3,3,72.5
1539,3,4,3,70.33
1540,4,3,2,70.25
1541,2,4,2,82.5
1542,4,3,3,70
1543,3,3,4,72.5
1544,3,2,3,45.25
1545,4,3,2,71.5
1546,3,1,2,21
1547,4,4,3,6.5
1548,2,4,2,93.56
1549,2,1,2,21
1550,2,4,3,91.25
1551,4,3,3,51.39
1552,2,2,3,46.25
1553,4,4,2,82.25
1554,3,4,3,82
1555,3,4,2,91.5
1556,4,2,3,45
1557,3,2,3,45.33
1558,3,4,2,70
1559,4,2,3,47
1560,2,3,3,71.39
1561,1,4,3,82.5
1562,4,3,2,70
1563,3,3,3,71
1564,3,2,3,46.5
1565,1,3,1,71
1566,3,1,3,20.5
1567,4,3,4,71.39
1568,3,3,3,70.5
1569,1,4,3,91.5
1570,1,2,3,46
1571,4,4,3,70.33
1572,1,4,3,82.5
1573,4,3,3,72
1574,4,3,3,70
1575,1,4,2,82.5
1576,4,3,3,71.25
1577,3,1,3,21.5
1578,3,3,4,70
1579,1,2,3,46.25
1580,4,4,3,91
1581,3,3,3,71.25
1582,3,2,3,47
1583,3,2,3,45.33
1584,4,4,3,82.5
1585,3,2,3,47
1586,4,2,3,46
1587,2,4,3,70
1588,2,3,3,70.37
1589,3,4,2,70
1590,4,3,3,70.37
1591,1,4,2,70.33
1592,3,4,3,93.56
1593,4,3,4,71.39
1594,3,2,3,46.5
1595,3,1,3,21.39
1596,1,2,3,46
1597,2,3,,70.5
1598,3,4,3,91
1599,4,1,2,20.5
1600,4,2,3,46.25
1601,2,1,3,20.25
1602,3,2,2,46
1603,1,2,3,46.25
1604,2,3,3,71
1605,1,1,2,21.25
1606,3,3,3,70.5
1607,2,1,1,20.5
1608,4,4,3,70
1609,3,3,3,71
1610,2,4,3,82
1611,2,3,3,72
1612,4,1,3,20.5
1613,2,3,3,72.25
1614,3,1,2,21
1615,2,3,3,71
1616,2,1,3,20.5
1617,3,1,3,20.37
1618,1,1,3,21
1619,4,3,3,70
1620,1,4,2,70.26
1621,4,4,1,91.25
1622,1,3,3,70.37
1623,3,4,3,91.25
1624,1,1,1,21.5
1625,3,3,2,70.5
1626,4,4,4,91.25
1627,1,2,3,47
1628,4,3,2,70.5
1629,4,4,3,70.25
1630,3,3,3,72
1631,1,4,1,82
1632,3,4,1,93.56
1633,2,3,3,72.5
1634,3,2,4,46.25
1635,1,4,4,70.26
1636,3,1,3,21.25
1637,1,4,2,82
1638,2,3,3,72
1639,3,4,2,70.25
1640,3,1,4,21
1641,1,4,3,70
1642,1,3,1,72
1643,4,3,3,70
1644,3,3,3,72.25
1645,4,3,3,71.39
1646,3,4,3,93.56
1647,3,2,4,31.43
1648,2,3,4,70.25
1649,1,4,3,70.26
1650,4,2,3,31.43
1651,4,3,3,70
1652,1,3,3,70.5
1653,2,1,3,21.39
1654,2,3,3,72
1655,2,4,2,70.33
1656,3,3,3,70
1657,2,4,3,70.25
1658,1,2,3,46.25
1659,4,4,3,82
1660,2,3,,71.39
1661,2,3,3,72.5
1662,3,3,3,72.25
1663,2,4,4,91.25
1664,4,1,2,20.25
1665,4,2,4,45.25
1666,2,3,2,70.37
1667,4,4,4,91.25
1668,1,3,3,71.5
1669,3,4,2,70
1670,2,2,3,45
1671,3,1,3,21
1672,1,3,3,70
1673,1,3,3,70.37
1674,1,3,3,71
1675,4,4,3,91
1676,3,4,1,91.25
1677,2,4,4,82
1678,1,3,2,72
1679,2,,3,
1680,1,2,3,46.5
1681,4,1,3,22.25
1682,4,3,3,70
1683,4,4,3,70.25
1684,3,3,3,70.5
1685,2,2,2,47.5
1686,4,3,3,71.25
1687,2,4,3,82.5
1688,1,2,4,47.25
1689,4,2,3,47.25
1690,1,2,3,45
1691,2,3,3,70.5
1692,1,3,3,71.25
1693,2,1,4,22
1694,2,4,3,82.5
1695,2,1,1,21.25
1696,1,4,3,91.5
1697,1,4,4,91.5
1698,1,3,2,70
1699,4,3,2,72.25
1700,4,2,4,47.5
1701,3,4,3,70.25
1702,2,4,2,70.25
1703,3,1,2,21.5
1704,4,3,3,71.39
1705,4,1,1,20.5
1706,1,3,4,70.25
1707,3,3,3,70.5
1708,3,1,3,22
1709,3,3,3,72
1710,4,4,4,47.25
1711,1,3,3,71
1712,3,3,3,71
1713,1,4,2,91.25
1714,3,3,3,71
1715,4,1,4,20.5
1716,2,4,2,93.56
1717,1,1,3,22
1718,3,4,3,91
1719,3,3,3,71
1720,2,3,2,71
1721,2,4,3,70
1722,3,4,1,91.25
1723,3,2,,47
1724,2,2,3,15.25
1725,1,4,3,91
1726,4,3,3,70.37
1727,1,1,3,20.37
1728,3,3,3,70.5
1729,1,1,4,21.25
1730,4,2,3,45.26
1731,4,4,3,91.5
1732,2,4,3,82
1733,2,2,3,31.43
1734,4,4,3,82.5
1735,4,4,3,91.25
1736,4,3,3,71.25
1737,4,2,4,47
1738,1,3,3,72.25
1739,4,3,3,70.37
1740,4,4,2,82.25
1741,2,3,3,70
1742,2,4,2,82
1743,3,1,3,22.5
1744,3,4,3,91.5
1745,4,1,3,21.25
1746,4,1,3,21.5
1747,3,3,3,71.25
1748,2,4,2,70.33
1749,1,1,3,22.5
1750,4,1,2,20.37
1751,4,3,3,71
1752,4,2,3,46.5
1753,1,2,3,45
1754,1,1,3,20.37
1755,3,3,4,71
1756,1,3,3,71.5
1757,4,3,2,70
1758,3,4,2,70.33
1759,3,3,3,70.5
1760,3,3,3,71.25
1761,4,4,3,70.33
1762,2,3,3,70.25
1763,2,1,4,21.5
1764,3,2,1,47.25
1765,3,4,2,93.56
1766,4,4,2,82
1767,4,1,1,21.25
1768,4,2,3,45.33
1769,4,4,3,91
1770,4,1,4,22.25
1771,1,4,3,91
1772,4,3,1,70
1773,2,1,3,22.25
1774,3,1,4,22.25
1775,4,4,2,70.33
1776,3,4,2,70.33
1777,2,3,3,72
1778,1,3,3,71.39
1779,2,3,3,32.5
1780,4,4,3,82.5
1781,4,1,3,20.25
1782,1,1,3,20
1783,4,4,3,91.25
1784,1,4,3,82
1785,2,3,2,72.25
1786,4,1,,21.39
1787,2,4,3,82.25
1788,4,1,3,21.5
1789,3,4,3,93.56
1790,4,1,2,21.25
1791,1,1,3,22.25
1792,3,1,3,20.5
1793,1,4,2,93.56
1794,4,3,3,71
1795,3,2,3,46
1796,3,1,3,81.5
1797,2,4,2,93.56
1798,3,1,3,22.25
1799,3,2,3,45.25
1800,4,3,3,71.39
1801,3,3,3,70.5
1802,2,1,3,22
1803,3,3,4,70.37
1804,1,1,3,20
1805,3,4,2,70.33
1806,3,2,3,45.33
1807,3,3,3,70.5
1808,4,2,3,45.25
1809,4,3,3,71.39
1810,4,4,3,91.5
1811,3,3,2,71.25
1812,3,2,3,47.25
1813,,3,3,72
1814,1,3,3,70.25
1815,3,4,2,70.25
1816,2,3,3,72
1817,2,2,2,46.5
1818,1,1,2,21.25
1819,3,4,3,70.33
1820,3,4,4,82.5
1821,3,4,2,91.25
1822,2,1,3,22.25
1823,3,4,3,70.25
1824,3,3,4,72.5
1825,2,2,3,46.25
1826,3,4,1,70
1827,3,3,3,72.25
1828,4,4,2,82.5
1829,1,3,2,70.37
1830,4,2,2,46
1831,1,1,2,21.39
1832,1,1,3,20.37
1833,3,1,2,21.39
1834,2,4,2,91.25
1835,2,4,2,91.5
1836,2,4,2,82.25
1837,1,4,3,82.5
1838,4,1,3,20.37
1839,3,3,2,70.37
1840,3,4,3,70.26
1841,4,3,3,72.5
1842,2,4,3,70.25
1843,4,4,1,70.26
1844,1,4,2,70.33
1845,2,4,3,82.5
1846,1,1,3,20.5
1847,3,1,3,20
1848,4,3,3,70.37
1849,4,2,,47.25
1850,4,4,3,16.5
1851,3,1,4,20.37
1852,3,1,3,21.5
1853,1,4,2,93.56
1854,2,2,3,31.43
1855,2,2,3,31.43
1856,3,4,2,70.26
1857,4,4,3,82
1858,2,3,3,70.37
1859,1,4,3,91.5
1860,4,2,3,46
1861,3,4,3,93.56
1862,4,4,3,70
1863,4,4,2,91.25
1864,3,4,3,82
1865,1,2,3,46.5
1866,1,1,3,21.5
1867,4,4,3,91.5
1868,4,2,4,45.26
1869,1,4,1,82.5
1870,1,4,3,82
1871,2,1,3,22.25
1872,1,4,3,70.26
1873,4,4,2,70
1874,1,2,4,45.33
1875,3,3,2,72
1876,4,4,2,70
1877,3,4,2,91
1878,4,4,2,70.33
1879,2,3,4,71
1880,2,4,2,70.25
1881,3,3,3,71.25
1882,4,1,1,20.5
1883,2,3,3,71.25
1884,2,2,3,31.43
1885,3,3,3,71
1886,3,1,3,22.5
1887,3,2,3,46.5
1888,2,3,4,70.5
1889,4,4,1,82.25
1890,1,2,2,45.33
1891,4,3,2,70
1892,4,3,2,70.25
1893,2,4,3,91
1894,4,1,3,21.25
1895,3,2,3,47.25
1896,3,2,3,45.25
1897,1,2,2,46.25
1898,3,1,3,20.37
1899,4,1,3,20.25
1900,3,3,3,70.25
1901,4,2,4,45.25
1902,1,1,3,20.37
1903,4,4,1,70.25
1904,4,2,3,46.25
1905,3,1,4,21.25
1906,3,4,3,91
1907,2,4,3,85
1908,1,3,1,71.5
1909,3,2,2,35
1910,3,,3,
1911,3,3,3,71.25
1912,4,4,,70.26
1913,4,3,3,71.5
1914,3,3,4,72.25
1915,3,3,4,70.37
1916,3,4,3,91.5
1917,4,4,3,70.26
1918,1,3,3,70.37
1919,2,2,2,47
1920,3,3,4,71.39
1921,1,4,3,70.33
1922,3,1,3,22
1923,4,3,3,71
1924,4,1,3,20
1925,2,4,3,82
1926,4,4,3,82
1927,4,4,2,91.25
1928,3,2,3,47.25
1929,1,3,4,72.25
1930,3,2,3,47.25
1931,4,1,3,22
1932,4,4,3,82
1933,1,3,3,70.25
1934,4,3,3,70.37
1935,3,3,2,72.25
1936,4,3,3,70.37
1937,4,3,3,70.37
1938,3,2,1,45.33
1939,3,1,3,21
1940,2,4,3,91.25
1941,3,3,3,70.5
1942,3,3,2,70
1943,2,1,2,20
1944,4,1,3,22
1945,2,2,3,46.5
1946,4,4,3,70.25
1947,2,1,2,22.25
1948,1,3,3,70.5
1949,3,3,3,72.25
1950,4,3,3,71.5
1951,4,4,3,70.33
1952,1,4,3,70
1953,2,4,2,70
1954,4,3,,70.25
1955,1,4,3,91.25
1956,3,4,3,91.5
1957,1,2,1,47.25
1958,3,2,3,46.5
1959,2,3,3,71.25
1960,2,4,3,70.25
1961,2,1,3,20.25
1962,1,4,3,70.25
1963,4,4,3,70
1964,4,3,3,72
1965,3,1,3,20.25
1966,4,1,3,21.39
1967,2,4,2,70.25
1968,4,4,4,91.5
1969,4,3,3,70
1970,2,4,2,91.25
1971,2,4,1,82
1972,2,2,3,47.5
1973,3,2,3,46.25
1974,1,3,2,72.25
1975,1,1,3,21.25
1976,3,3,3,72.25
1977,4,2,3,45.33
1978,3,3,3,70.5
1979,2,3,2,71.39
1980,4,2,2,45.25
1981,3,1,2,22.25
1982,1,3,3,71
1983,4,4,3,82.25
1984,3,3,3,71.5
1985,1,3,3,72.5
1986,4,4,2,70.25
1987,3,1,4,20
1988,3,4,3,70.33
1989,4,4,3,91.25
1990,3,1,2,22.5
1991,4,1,3,22.5
1992,1,3,4,72
1993,2,1,2,21.25
1994,1,1,3,21.25
1995,3,1,2,20.37
1996,2,3,3,70.25
1997,3,3,2,71.5
1998,1,4,3,66
1999,1,3,3,72.25
2000,4,2,3,45.25
2001,3,3,4,71.5
2002,2,1,3,20.37
2003,4,4,3,82.5
2004,4,1,3,20.25
2005,1,3,3,71.39
2006,1,3,2,71.25
2007,1,4,2,82.25
2008,4,4,3,70.25
2009,4,4,4,82.25
2010,1,3,2,70.25
2011,1,2,3,47
2012,4,1,3,20.25
2013,1,2,3,45
2014,4,3,3,10.25
2015,4,2,3,45.33
2016,3,4,3,91
2017,1,4,,93.56
2018,2,3,3,72
2019,2,2,3,86.5
2020,3,3,3,70.25
2021,3,4,3,70.25
2022,4,2,2,46.25
2023,1,3,3,70.37
2024,4,2,3,45.25
2025,3,1,3,20
2026,1,4,3,70.33
2027,3,3,4,71.25
2028,4,2,4,47.5
2029,3,2,2,46
2030,1,4,3,70.25
2031,3,4,3,93.56
2032,1,2,1,47
2033,4,4,3,82
2034,4,2,3,45.26
2035,4,3,2,71
2036,4,2,2,46.25
2037,2,4,3,93.56
2038,2,4,2,70.25
2039,3,3,4,71.25
2040,3,3,3,72
2041,3,3,3,70
2042,1,1,3,22.5
2043,2,4,3,70.26
2044,3,3,2,72.25
2045,3,4,3,70.26
2046,4,3,3,72
2047,2,3,2,70.5
2048,3,3,1,70.37
2049,4,1,1,21.39
2050,2,3,2,72.5
2051,3,1,2,20.5
2052,2,1,4,20
2053,4,3,3,71.5
2054,4,2,3,47.25
2055,3,4,2,91.5
2056,1,4,3,82.25
2057,3,3,3,71
2058,3,4,1,91.25
2059,3,2,4,45.25
2060,4,1,3,20.5
2061,4,4,4,70.33
2062,1,3,2,72.25
2063,3,1,3,40.5
2064,4,1,3,20.25
2065,2,4,3,70.26
2066,3,1,3,21.39
2067,1,3,2,70.25
2068,4,4,2,82
2069,1,3,2,71.5
2070,3,3,3,71.5
2071,4,3,3,70
2072,2,4,2,70
2073,3,4,3,91.5
2074,3,1,3,21.25
2075,4,3,3,72.5
2076,2,3,3,71.25
2077,1,1,1,21.25
2078,3,1,3,21.5
2079,2,2,3,46
2080,4,1,,21.5
2081,4,1,3,20
2082,4,2,3,47
2083,3,1,3,20.37
2084,4,2,1,46
2085,2,3,2,70.37
2086,3,3,3,70.5
2087,3,3,2,70
2088,4,4,3,85.33
2089,3,4,3,82.25
2090,4,4,2,70.26
2091,4,1,4,21
2092,2,4,3,70.25
2093,3,2,3,45.25
2094,4,3,3,71.5
2095,3,1,3,22
2096,1,4,3,82
2097,2,2,4,46.5
2098,3,4,3,70.33
2099,4,2,3,46
2100,1,1,3,22.5
2101,3,4,2,82.25
2102,1,1,2,22.25
2103,4,3,1,72.25
2104,1,4,3,82
2105,1,2,4,46.25
2106,1,4,3,91.5
2107,4,4,3,91
2108,3,1,2,21.25
2109,3,1,3,22.25
2110,3,4,3,70.33
2111,3,4,3,82
2112,1,3,4,72
2113,3,2,2,46.25
2114,4,2,2,47.5
2115,1,3,3,70
2116,3,4,3,70
2117,4,4,4,82.25
2118,4,4,2,70.26
2119,3,3,2,70.25
2120,2,2,3,47
2121,4,3,3,70.37
2122,2,4,3,70
2123,4,3,3,70.37
2124,3,4,3,91
2125,3,4,2,70
2126,1,2,3,47
2127,4,2,3,47.25
2128,1,3,1,71.39
2129,4,2,3,45
2130,3,1,3,20.37
2131,4,2,2,47.25
2132,4,4,2,70.33
2133,3,2,4,46
2134,4,3,2,70.5
2135,3,1,2,20.25
2136,3,2,4,46
2137,3,3,3,70.37
2138,2,2,3,45.26
2139,4,4,4,82.25
2140,3,2,3,47
2141,1,4,3,70.26
2142,4,4,3,91
2143,2,3,,72.5
2144,3,3,3,70
2145,2,3,3,71
2146,4,1,2,20.37
2147,4,2,2,45.26
2148,3,4,4,70.33
2149,,2,3,45.26
2150,3,2,3,46.5
2151,1,3,3,71.39
2152,4,3,3,71.5
2153,3,1,3,21.5
2154,1,4,3,82.25
2155,4,3,3,70
2156,4,1,4,21.5
2157,3,4,3,70
2158,4,1,3,20
2159,4,2,3,45.26
2160,2,2,2,45.26
2161,2,1,3,21.5
2162,1,3,3,71
2163,4,3,2,70.37
2164,3,2,3,31.43
2165,4,2,4,45.33
2166,1,1,4,20.25
2167,3,3,2,70
2168,4,3,3,72.25
2169,4,2,3,46.25
2170,3,3,3,70.25
2171,4,4,2,91.25
2172,3,4,3,82.25
2173,3,1,3,20
2174,3,3,3,71.25
2175,3,2,3,31.43
2176,2,1,3,20.25
2177,3,1,4,20
2178,4,4,2,70.26
2179,3,1,2,20
2180,2,2,3,47
2181,1,1,2,22.5
2182,4,4,3,82.25
2183,3,,3,
2184,4,2,2,46.5
2185,4,4,4,82
2186,4,4,3,70.25
2187,4,4,3,91
2188,1,3,2,71
2189,4,2,3,45.25
2190,1,3,3,72
2191,2,3,3,71.25
2192,2,3,3,70.25
2193,3,4,4,93.56
2194,4,3,2,71
2195,4,3,3,70.25
2196,3,4,4,70.25
2197,3,1,3,22.25
2198,4,3,2,70
2199,1,4,4,91.25
2200,2,2,3,45.26
2201,4,4,2,82
2202,3,3,3,72
2203,2,4,4,67
2204,3,2,2,31.43
2205,3,3,3,92.5
2206,1,3,2,71.25
2207,4,3,2,71
2208,1,3,1,71
2209,4,4,3,82.5
2210,4,3,3,70.5
2211,1,4,3,91.5
2212,3,1,3,21
2213,3,1,1,21
2214,1,3,3,71.25
2215,3,4,3,70
2216,1,4,2,91.25
2217,3,1,3,21.5
2218,2,1,2,22.5
2219,1,1,3,22.5
2220,3,4,3,70.25
2221,4,4,2,91
2222,4,1,3,22.25
2223,2,4,4,82.5
2224,1,2,3,45.25
2225,2,3,3,70.25
2226,4,1,3,21.39
2227,1,2,,47.5
2228,4,1,3,21.5
2229,1,2,4,46.25
2230,2,1,4,21.25
2231,1,4,2,70
2232,3,1,2,21.25
2233,1,4,2,93.56
2234,1,1,3,21.39
2235,3,3,1,70.37
2236,1,1,4,20
2237,1,3,4,71
2238,4,3,3,72
2239,4,4,2,82.5
2240,4,2,2,46
2241,2,3,2,71.39
2242,3,3,4,70.25
2243,1,4,3,70.33
2244,1,4,4,70.33
2245,1,1,4,21.39
2246,3,2,3,31.43
2247,2,1,3,21
2248,4,2,3,45.26
2249,2,4,1,82
2250,2,4,4,70.26
2251,3,1,3,20
2252,1,3,3,70.5
2253,4,2,3,56.25
2254,4,1,3,21.39
2255,3,3,3,70.37
2256,4,2,2,45.26
2257,1,3,2,72.5
2258,3,3,4,71
2259,4,2,2,47.25
2260,4,1,3,21.25
2261,4,1,3,20.37
2262,4,3,2,71.39
2263,1,4,3,70.25
2264,1,3,2,71.5
2265,3,3,2,70
2266,2,3,2,70.5
2267,3,2,3,31.43
2268,2,1,2,22
2269,1,3,4,72.25
2270,1,2,1,45
2271,1,2,4,47.25
2272,4,3,3,71.25
2273,2,1,2,21
2274,4,2,3,47.25
2275,2,3,2,72.25
2276,3,3,3,72
2277,3,3,4,70.5
2278,4,3,3,72
2279,1,2,3,45.25
2280,3,3,2,71
2281,3,1,2,22.5
2282,1,3,1,70
2283,3,1,3,22.5
2284,3,1,3,22
2285,4,2,3,47
2286,3,2,2,47.5
2287,4,3,3,71
2288,3,4,4,93.56
2289,2,4,3,91
2290,1,1,1,20
2291,4,1,4,21.25
2292,2,2,3,47
2293,3,2,4,45.25
2294,4,2,1,45.25
2295,1,3,3,71
2296,4,1,1,21.25
2297,4,3,3,70.37
2298,4,3,1,71.25
2299,3,4,3,70
2300,2,3,3,72.5
2301,3,2,3,45.26
2302,1,4,3,91
2303,3,1,3,20
2304,4,2,3,31.43
2305,4,4,3,91
2306,4,4,1,82.5
2307,1,1,4,21
2308,2,3,3,70
2309,3,4,3,82.5
2310,3,1,3,20.25
2311,4,4,,70.26
2312,1,2,3,45.25
2313,2,3,3,72.5
2314,4,2,3,45.25
2315,3,4,2,82.5
2316,3,3,3,72
2317,3,3,2,71
2318,1,1,1,20.25
2319,2,1,3,21.5
2320,3,3,3,71.39
2321,4,1,3,20
2322,3,2,3,46
2323,1,1,3,20.5
2324,3,4,3,70.33
2325,3,2,3,47.5
2326,4,1,2,21.5
2327,3,1,2,22.25
2328,1,4,1,82.25
2329,3,4,3,82
2330,2,4,2,91
2331,1,4,3,70.33
2332,3,2,3,46.25
2333,2,2,4,45.33
2334,2,3,3,70.37
2335,2,1,3,21
2336,1,3,3,71.5
2337,4,3,3,71.5
2338,1,4,4,91.25
2339,3,3,3,70.25
2340,4,3,3,72.5
2341,1,1,3,20.25
2342,4,4,3,91.5
2343,2,3,2,21.5
2344,4,3,2,72.5
2345,4,1,3,22
2346,4,2,3,45.26
2347,3,4,2,91.5
2348,4,1,1,20
2349,3,2,3,46
2350,2,3,2,71.5
2351,2,3,3,70.5
2352,2,4,3,82
2353,2,4,2,82.25
2354,2,2,2,46.25
2355,3,1,3,11.39
2356,1,1,3,21.25
2357,4,1,3,22.25
2358,3,3,3,71.39
2359,3,4,3,82
2360,3,1,2,20.5
2361,2,1,3,20.5
2362,4,1,3,22
2363,2,1,3,21
2364,2,1,2,20.5
2365,3,4,3,91.25
2366,2,4,4,70.33
2367,4,3,3,72.25
2368,3,3,3,72
2369,1,3,3,70
2370,3,3,3,70.25
2371,3,3,2,70
2372,1,3,1,70.25
2373,4,4,3,93.56
2374,4,3,4,70.25
2375,4,1,3,22.5
2376,2,2,1,45.33
2377,3,4,2,82.5
2378,1,4,3,82.5
2379,3,4,3,70.26
2380,,4,2,70
2381,1,4,3,82.25
2382,2,3,3,70
2383,4,4,2,82.5
2384,1,1,1,21
2385,3,3,3,72
2386,2,1,3,22
2387,4,3,3,70.37
2388,4,2,3,46.25
2389,1,2,3,47.5
2390,4,1,3,21.25
2391,3,3,3,71
2392,4,2,3,46
2393,1,2,3,45.25
2394,3,3,3,71.39
2395,4,3,,70.25
2396,4,1,3,21
2397,2,3,3,71
2398,3,3,3,71.39
2399,4,4,4,82.5
2400,4,4,4,82.5
2401,1,2,2,45.25
2402,4,4,3,91.25
2403,4,2,2,46.25
2404,1,4,3,70
2405,4,1,2,22
2406,4,2,3,45.33
2407,2,2,3,45.33
2408,3,3,3,71.39
2409,4,3,3,71
2410,4,1,3,21
2411,3,4,3,93.56
2412,1,3,2,70.5
2413,3,4,3,93.56
2414,4,3,3,70.37
2415,4,3,2,70.25
2416,2,4,3,70
2417,4,3,3,70.25
2418,4,2,3,46
2419,4,4,3,82
2420,1,2,3,46.5
2421,2,4,4,70.25
2422,3,4,4,70.26
2423,2,2,3,45.33
2424,3,4,2,82
2425,2,4,3,91
2426,3,4,3,91
2427,3,4,3,70.33
2428,1,4,4,70.33
2429,4,4,3,70.26
2430,3,3,3,70.5
2431,4,3,3,70
2432,4,3,3,71.25
2433,3,4,2,70.26
2434,3,3,2,72.25
2435,4,3,3,71
2436,3,3,1,70.25
2437,4,3,4,72.5
2438,4,2,3,45.33
2439,1,3,2,70.25
2440,2,3,4,70
2441,3,2,3,45
2442,2,1,3,22
2443,2,1,4,22
2444,3,2,3,45
2445,4,3,3,72.25
2446,2,4,2,82.5
2447,3,2,1,47.5
2448,3,4,2,93.56
2449,2,1,3,21.39
2450,1,2,3,45.33
2451,3,2,1,47.5
2452,4,4,2,82
2453,4,4,3,70.25
2454,4,3,1,71.25
2455,2,2,2,45.25
2456,3,3,4,71.25
2457,4,1,3,21
2458,1,4,3,70.33
2459,3,4,2,82.5
2460,1,3,3,72.5
2461,3,4,2,93.56
2462,2,2,3,46
2463,4,3,4,72.25
2464,3,1,3,22.25
2465,4,4,3,91.5
2466,4,2,2,45
2467,4,4,4,91
2468,1,1,2,21.39
2469,3,2,2,45.25
2470,1,3,3,71.39
2471,4,1,3,21
2472,3,3,3,71.39
2473,2,2,3,47.5
2474,2,4,3,82.5
2475,3,3,3,70.25
2476,2,2,2,31.43
2477,3,,3,
2478,4,2,2,31.43
2479,3,1,,22
2480,4,3,3,72
2481,1,3,2,70.5
2482,2,4,3,70.25
2483,4,4,3,70.26
2484,2,2,3,45
2485,4,3,3,71.25
2486,3,1,3,21.5
2487,1,4,3,91.5
2488,1,3,3,70.5
2489,2,2,3,45
2490,3,4,3,91.25
2491,4,1,3,22
2492,3,2,2,45.26
2493,3,2,2,45
2494,3,4,3,70.26
2495,4,1,3,21.5
2496,3,4,4,70
2497,3,3,3,71
2498,2,2,3,46.25
2499,3,1,2,20.37
2500,2,1,2,21.5
2501,2,4,3,82.5
2502,1,2,3,47.5
2503,4,1,2,21.5
2504,4,1,1,21.39
2505,3,4,3,82.25
2506,1,3,2,70.37
2507,2,2,1,47.5
2508,3,3,4,71.5
2509,1,3,3,70
2510,4,2,3,45
2511,4,2,4,31.43
2512,3,4,3,70.25
2513,2,3,3,70
2514,2,2,2,45.26
2515,2,3,4,71
2516,3,2,3,77
2517,2,1,3,20.37
2518,4,4,2,70
2519,1,1,3,22.25
2520,3,1,3,20.5
2521,2,4,2,70
2522,3,4,3,82.5
2523,1,3,3,71.25
2524,2,3,1,71.39
2525,4,1,3,21
2526,1,1,3,21.39
2527,3,3,4,71
2528,4,2,3,47.5
2529,1,4,3,93.56
2530,4,4,2,82
2531,4,4,4,70.25
2532,4,4,4,82.5
2533,3,3,2,71.5
2534,2,3,3,70
2535,4,4,2,91
2536,3,4,3,70.33
2537,4,3,3,70
2538,4,3,3,72.25
2539,3,2,2,46
2540,1,1,3,21
2541,2,3,3,70
2542,4,2,3,45.33
2543,1,3,3,70
2544,4,2,3,45.33
2545,4,4,2,70.33
2546,3,2,3,45
2547,4,1,2,22.25
2548,4,4,3,70
2549,2,4,4,91
2550,2,2,3,45.26
2551,2,4,2,70.26
2552,4,2,3,46.25
2553,2,3,3,70.37
2554,2,3,3,71
2555,3,4,3,82.5
2556,4,1,3,21.25
2557,4,1,3,21.25
2558,4,2,3,46.25
2559,2,4,2,82.25
2560,2,4,2,91.5
2561,1,1,3,20.25
2562,2,3,2,72
2563,1,3,2,72
2564,4,4,3,91
2565,2,1,3,20.37
2566,4,1,3,22.5
2567,1,4,3,82.5
2568,3,2,1,46.5
2569,,2,3,45
2570,3,1,4,21.5
2571,3,4,3,70.26
2572,4,4,2,91
2573,1,3,2,70
2574,3,4,3,82.5
2575,2,3,3,71.39
2576,2,3,2,72.5
2577,3,4,3,93.56
2578,3,1,3,22
2579,1,3,3,80.25
2580,2,2,2,31.43
2581,3,4,3,70.26
2582,4,3,3,72.25
2583,3,2,4,46
2584,4,1,,22.5
2585,1,1,3,21.39
2586,4,2,3,45
2587,4,4,2,91.25
2588,1,3,3,72
2589,2,4,4,82
2590,2,4,3,82
2591,2,4,3,70.33
2592,1,2,3,31.43
2593,2,1,1,21.5
2594,3,3,2,70.5
2595,3,1,4,21.39
2596,1,2,3,47.5
2597,1,4,2,91.25
2598,4,3,2,70.5
2599,3,1,2,22.5
2600,1,1,2,20.5
2601,3,4,3,93.56
2602,4,1,3,20.37
2603,3,4,2,70.33
2604,1,1,2,22
2605,3,4,3,93.56
2606,4,4,3,91.5
2607,4,4,3,82.5
2608,1,4,3,91
2609,1,1,2,21
2610,1,3,2,71.25
2611,4,3,3,71
2612,1,3,3,71.39
2613,4,2,3,31.43
2614,3,2,3,45.25
2615,4,4,3,91.25
2616,2,1,3,21.39
2617,4,3,3,71
2618,3,3,4,70
2619,3,1,3,21.25
2620,2,3,2,70
2621,4,4,4,82.5
2622,4,3,4,72.25
2623,2,2,3,47.25
2624,3,2,3,46.25
2625,4,2,2,45.25
2626,4,3,2,72
2627,1,3,3,71.39
2628,2,3,2,70.37
2629,4,2,3,47
2630,1,3,3,72
2631,1,3,3,70.5
2632,4,1,2,10
2633,4,4,3,70.33
2634,3,2,1,46.5
2635,4,3,3,71
2636,4,3,4,70
2637,2,3,3,70.37
2638,2,4,3,91.25
2639,3,2,3,31.43
2640,1,4,2,70.26
2641,2,2,3,45.25
2642,1,4,3,82.25
2643,2,3,3,71.39
2644,3,4,3,82
2645,3,4,3,70.33
2646,1,3,2,72
2647,1,4,2,70
2648,2,4,3,82.25
2649,3,1,3,20.37
2650,4,4,2,93.56
2651,4,1,2,21.39
2652,1,4,3,82
2653,4,2,3,45
2654,3,3,2,71
2655,1,4,4,82.25
2656,1,3,2,72.25
2657,4,3,1,71.5
2658,1,2,3,45.33
2659,4,3,3,72
2660,4,4,2,93.56
2661,3,2,3,65.26
2662,4,1,3,21.39
2663,3,4,3,82.25
2664,1,4,3,91.5
2665,2,3,3,71
2666,2,4,2,91
2667,4,3,3,70
2668,3,3,3,72.25
2669,3,3,4,72.5
2670,3,3,3,71.25
2671,3,4,3,45.25
2672,4,2,3,46.5
2673,4,1,1,21.5
2674,4,1,3,22.25
2675,2,4,2,91.5
2676,2,1,3,22.5
2677,4,3,3,71.25
2678,3,4,3,82
2679,4,1,3,20.37
2680,2,2,3,47.5
2681,4,2,2,45.25
2682,2,3,4,72.5
2683,2,4,1,70.26
2684,3,2,3,45.33
2685,4,3,3,70.25
2686,4,3,3,72.5
2687,1,2,3,47.25
2688,4,4,2,91
2689,3,1,2,21.39
2690,4,3,3,70.5
2691,4,3,3,71.25
2692,3,3,2,71.5
2693,1,2,3,45.25
2694,4,3,3,42.5
2695,1,3,2,71.5
2696,2,4,3,70.33
2697,3,3,3,70.5
2698,2,1,3,21.5
2699,1,2,2,45.26
2700,4,4,2,93.56
2701,1,4,3,82
2702,4,4,3,70.26
2703,1,3,2,70
2704,3,1,3,22
2705,1,2,3,47.25
2706,3,4,3,91
2707,2,1,3,22.25
2708,3,,2,
2709,2,1,3,21.5
2710,3,2,,46.25
2711,1,4,3,93.56
2712,2,1,2,22.25
2713,3,4,3,70.26
2714,4,4,4,91
2715,4,3,3,71
2716,4,4,4,70
2717,2,4,2,91.25
2718,4,3,2,71.25
2719,1,3,3,72.5
2720,4,4,3,82.25
2721,2,1,4,22
2722,3,1,3,22.25
2723,3,4,3,82.25
2724,4,1,3,22.5
2725,1,3,2,71.5
2726,4,3,3,70
2727,3,4,3,91.5
2728,2,3,3,71
2729,2,3,3,71.5
2730,2,2,3,47
2731,1,4,3,91
2732,4,4,3,82
2733,1,3,3,70.37
2734,3,3,2,70.5
2735,2,1,2,22.25
2736,3,1,3,21.39
2737,,4,2,70.26
2738,1,4,3,82.5
2739,2,1,2,21.39
2740,3,1,3,21.25
2741,4,4,2,91.25
2742,1,3,4,72
2743,1,4,3,82.25
2744,4,4,3,82
2745,2,3,2,72.5
2746,1,1,2,32.25
2747,3,3,3,71.39
2748,4,3,3,71.25
2749,2,2,3,47.5
2750,2,1,3,20.25
2751,2,1,2,22.5
2752,4,3,2,70.5
2753,1,3,2,71.25
2754,3,2,3,47
2755,3,2,3,45.25
2756,2,2,3,47.5
2757,2,4,3,70
2758,3,4,3,91.25
2759,3,1,3,21.39
2760,4,1,4,22
2761,1,3,4,71
2762,2,2,3,46
2763,4,4,2,70
2764,2,3,3,71.39
2765,1,4,3,70
2766,2,4,3,91.5
2767,1,2,3,45.25
2768,4,4,2,91
2769,3,1,3,20.5
2770,4,4,3,82
2771,3,4,3,70.26
2772,3,4,3,82.5
2773,3,2,2,45
2774,3,4,1,91
2775,3,2,2,46.25
2776,3,1,2,20
2777,2,3,3,72.5
2778,1,3,1,72.25
2779,1,3,2,72
2780,2,3,4,71.5
2781,4,3,2,71
2782,2,2,4,45.33
2783,3,1,3,21
2784,4,1,3,20.37
2785,4,4,3,91.25
2786,1,3,3,71.5
2787,3,4,4,91.5
2788,3,4,3,82.5
2789,1,2,2,45.33
2790,3,3,3,71.5
2791,4,4,3,91.5
2792,2,4,3,70.33
2793,1,1,2,20.37
2794,1,3,3,71.39
2795,4,4,3,91.5
2796,2,3,3,52.25
2797,3,2,3,46.25
2798,3,4,3,91.5
2799,3,1,3,20.37
2800,2,4,3,70
2801,1,4,3,91.25
2802,3,4,4,82.25
2803,1,3,2,71.5
2804,3,2,4,45
2805,2,2,3,45.26
2806,1,3,3,70.37
2807,2,3,2,70.25
2808,3,2,2,45
2809,4,4,2,70.25
2810,4,3,2,71.5
2811,3,4,3,70.33
2812,3,1,2,21.39
2813,2,3,3,70.37
2814,3,4,3,91.5
2815,2,3,3,70.5
2816,3,3,3,71.39
2817,3,3,3,71.39
2818,2,2,3,46.25
2819,1,4,3,70.26
2820,4,3,4,72.5
2821,1,3,3,72
2822,3,4,1,93.56
2823,1,1,4,21.5
2824,3,4,2,91
2825,4,3,3,70
2826,1,3,2,71.39
2827,4,4,4,70
2828,4,1,3,20.37
2829,2,4,3,70
2830,4,1,2,21.39
2831,3,1,3,21
2832,2,2,3,47.5
2833,2,2,3,45.25
2834,3,2,3,47.5
2835,2,3,1,72
2836,2,2,1,45.33
2837,2,4,3,70.26
2838,4,3,3,71.39
2839,2,3,3,72
2840,2,2,2,46.25
2841,3,4,2,82.5
2842,3,3,3,70.37
2843,3,4,3,93.56
2844,4,2,1,45.33
2845,3,4,1,82
2846,3,4,1,70.33
2847,3,3,2,70.25
2848,3,2,3,45.26
2849,1,3,3,71.25
2850,2,4,3,82.25
2851,1,4,4,70.25
2852,3,3,3,70.25
2853,3,2,2,31.43
2854,3,1,4,22.25
2855,4,2,2,45.25
2856,3,1,3,21.25
2857,3,1,4,22
2858,3,1,3,21.5
2859,3,4,4,91.25
2860,2,4,2,91.25
2861,2,1,3,21
2862,3,4,3,93.56
2863,3,4,3,91.5
2864,4,2,3,46
2865,2,2,2,31.43
2866,3,3,2,72
2867,4,1,3,21.39
2868,4,2,3,46.25
2869,4,3,3,70.25
2870,3,2,3,47.5
2871,4,3,2,70.5
2872,4,2,3,46.25
2873,3,3,3,70.37
2874,4,2,2,46
2875,2,3,3,71.5
2876,4,,4,
2877,1,4,3,82.25
2878,2,1,2,21
2879,2,2,3,47.25
2880,3,3,3,71.5
2881,4,3,3,71.39
2882,4,4,1,91.25
2883,3,1,3,22
2884,4,4,3,70.33
2885,4,3,4,30.25
2886,3,4,4,82.5
2887,2,1,3,20.5
2888,2,4,2,91.25
2889,4,2,2,45.25
2890,2,4,3,70.25
2891,4,4,1,82.25
2892,4,1,3,20
2893,4,4,2,91.25
2894,3,3,3,71.39
2895,4,3,3,72.25
2896,2,2,1,45
2897,4,1,3,20.25
2898,4,4,3,70.33
2899,3,1,,21.5
2900,3,3,2,71.39
2901,4,4,3,70.25
2902,4,1,3,22.25
2903,4,2,4,46.25
2904,3,2,3,46.25
2905,2,4,3,70.25
2906,1,3,2,70.5
2907,3,3,3,71.5
2908,3,4,3,91.25
2909,1,4,3,91.25
2910,2,4,3,82.5
2911,3,3,4,70.25
2912,3,4,2,70
2913,3,4,2,70
2914,3,4,3,91.5
2915,2,3,2,70
2916,4,4,2,70.33
2917,3,4,1,82.5
2918,4,4,3,82
2919,1,1,4,20.25
2920,1,3,4,72.5
2921,3,2,3,45.25
2922,4,3,1,70.5
2923,3,3,3,70.5
2924,3,4,3,91.5
2925,3,1,2,21
2926,,4,3,82
2927,3,4,3,91
2928,2,3,3,71.25
2929,3,4,2,82.5
2930,4,1,3,20
2931,3,1,2,20.25
2932,1,3,3,72.25
2933,1,3,3,71.25
2934,3,3,3,70.37
2935,3,4,3,82
2936,4,1,3,21.5
2937,4,4,3,93.56
2938,1,3,3,72.5
2939,4,1,3,20.25
2940,1,3,3,70.5
2941,3,4,2,82.25
2942,3,2,4,47
2943,2,2,1,46
2944,4,4,3,91
2945,4,1,3,22.25
2946,3,2,2,45
2947,1,3,1,70.5
2948,1,2,3,45
2949,2,4,3,91.25
2950,2,1,3,21.5
2951,3,4,3,70.26
2952,4,4,3,93.56
2953,4,1,3,21.5
2954,1,2,2,46.25
2955,4,4,2,91
2956,3,4,4,91.25
2957,4,3,4,70.25
2958,1,4,3,82
2959,2,2,2,45.33
2960,1,1,3,21
2961,3,2,1,46.25
2962,1,2,2,46
2963,3,3,2,70.37
2964,2,3,3,70
2965,2,4,2,82.25
2966,2,4,3,91.5
2967,1,1,3,21.5
2968,4,4,3,82.25
2969,4,3,1,22.5
2970,4,4,3,91
2971,1,2,3,46.25
2972,4,4,3,82
2973,3,1,3,20.37
2974,3,2,3,46
2975,4,2,2,45
2976,4,4,3,70.25
2977,2,4,2,70
2978,3,2,4,47.25
2979,3,3,3,72.25
2980,3,2,2,46.25
2981,3,4,3,93.56
2982,4,2,3,46
2983,4,2,3,46.25
2984,4,3,3,70.37
2985,2,1,3,21.39
2986,2,4,2,70.26
2987,3,4,2,70.33
2988,2,2,3,45.33
2989,4,3,2,70.5
2990,1,2,3,45
2991,4,3,3,71.25
2992,3,4,3,82
2993,1,1,3,21.5
2994,1,1,3,21.39
2995,3,4,1,70.26
2996,4,2,3,45
2997,3,1,3,20.5
2998,3,4,3,82
2999,3,3,3,70.5
3000,3,2,2,46.25
3001,3,2,2,46.5
3002,3,2,3,46
3003,4,3,3,71.39
3004,4,4,3,82
3005,1,4,2,91
3006,1,4,2,70.25
3007,4,4,3,91.5
3008,3,3,3,72.5
3009,3,4,3,82.25
3010,4,3,2,71
3011,2,4,2,70.33
3012,4,3,3,71.39
3013,3,3,4,71.39
3014,3,2,3,47
3015,4,3,2,72.25
3016,3,1,2,21.25
3017,4,4,3,70.25
3018,2,4,2,82.25
3019,2,1,2,20.25
3020,2,4,3,70.33
3021,4,3,3,70.25
3022,2,2,3,45.33
3023,4,4,2,70.26
3024,3,4,3,70.26
3025,3,4,,36.6
3026,4,2,3,46
3027,3,2,3,47
3028,3,4,2,93.56
3029,4,2,3,47.5
3030,2,3,3,71
3031,1,4,3,93.56
3032,4,3,2,70.37
3033,3,3,3,72
3034,3,2,3,45.26
3035,1,3,1,71
3036,3,1,3,20.5
3037,4,3,4,72.25
3038,3,3,3,70
3039,1,4,3,70.26
3040,1,2,3,85
3041,4,4,3,91.5
3042,1,4,3,93.56
3043,4,3,3,71.39
3044,4,3,3,72
3045,1,4,2,70
3046,4,3,3,70.25
3047,3,1,3,20.37
3048,3,3,4,70.37
3049,1,2,3,46.5
3050,4,4,3,70.33
3051,3,3,3,70
3052,3,2,3,47
3053,3,2,3,47.5
3054,4,4,3,82
3055,3,2,3,45.26
3056,4,2,3,45
3057,2,4,3,82
3058,2,3,3,71.25
3059,3,4,2,93.56
3060,4,3,3,72.5
3061,1,4,2,91.5
3062,3,4,3,82
3063,4,3,4,70.37
3064,3,2,3,47
3065,3,1,3,20.25
3066,1,2,3,45.33
3067,2,3,3,72.25
3068,3,4,3,70
3069,4,1,2,21.5
3070,4,2,3,45.25
3071,2,1,3,20
3072,3,2,2,45.25
3073,1,2,3,45.25
3074,2,3,3,72
3075,1,1,2,20
3076,3,3,3,71.5
3077,2,1,1,20
3078,4,4,3,93.56
3079,3,3,3,70
3080,2,4,3,82
3081,2,3,3,71.25
3082,4,1,3,21.5
3083,2,3,3,71.5
3084,3,1,2,21
3085,2,3,3,70
3086,2,,3,
3087,3,1,3,20
3088,1,1,3,20.37
3089,4,3,3,72.5
3090,1,4,2,82
3091,4,4,1,70.33
3092,1,3,3,50.25
3093,3,4,3,70.26
3094,1,1,1,22.5
3095,3,3,2,72
3096,4,4,4,82
3097,1,2,3,45.25
3098,4,3,2,72
3099,4,4,3,70.33
3100,3,3,3,71
3101,1,4,1,70.33
3102,3,4,1,70.26
3103,2,3,3,70.5
3104,3,2,4,45.33
3105,1,4,4,82
3106,3,1,3,20.25
3107,1,4,2,70.25
3108,2,3,3,71.5
3109,3,4,2,91.5
3110,3,1,4,20.25
3111,1,4,3,70.33
3112,1,3,1,71.5
3113,4,3,3,71.39
3114,3,3,3,71.5
3115,,3,3,70
3116,3,4,3,70
3117,3,2,4,47.5
3118,2,3,4,71.39
3119,1,4,3,70
3120,4,2,3,47.25
3121,4,3,3,71.25
3122,1,3,3,72
3123,2,1,3,20.5
3124,2,3,3,72.5
3125,2,4,2,91
3126,3,3,3,71.5
3127,2,4,3,70.26
3128,1,2,3,45.26
3129,4,4,3,70.33
3130,2,3,3,71.39
3131,2,3,3,70.37
3132,3,3,3,70
3133,2,4,4,70.25
3134,4,1,2,20.37
3135,4,2,4,46.25
3136,2,3,2,70.5
3137,4,4,4,70
3138,1,3,3,72.5
3139,3,4,2,93.56
3140,2,2,3,47.5
3141,3,1,3,21
3142,1,3,3,71.5
3143,1,3,3,71.25
3144,1,3,3,71.25
3145,4,4,3,82
3146,3,4,1,82.25
3147,2,4,4,82.25
3148,1,3,2,72.5
3149,2,1,3,21.5
3150,1,2,3,45.33
3151,4,1,3,21.5
3152,4,3,3,72
3153,4,4,3,70.25
3154,3,3,3,71.25
3155,2,2,2,45
3156,4,3,3,70
3157,2,4,3,91.25
3158,1,2,4,47.25
3159,4,2,3,45.26
3160,1,2,3,45.26
3161,2,3,3,72
3162,1,3,3,70.5
3163,2,1,4,21
3164,2,4,3,82.25
3165,2,1,1,22.5
3166,1,4,3,82.25
3167,1,4,4,82.25
3168,1,3,2,70
3169,4,3,2,70.25
3170,4,2,4,45
3171,3,4,3,91.5
3172,2,4,2,70.25
3173,3,1,2,20.37
3174,4,3,3,71
3175,4,1,1,20
3176,1,3,4,72
3177,3,3,3,70.25
3178,3,1,3,21.39
3179,3,3,3,72
3180,4,4,4,70.26
3181,1,3,3,70
3182,3,3,3,72
3183,1,4,2,82.25
3184,3,3,3,72.5
3185,4,1,4,21.5
3186,2,4,2,82
3187,1,1,3,20.5
3188,3,4,3,91.5
3189,3,3,3,71.25
3190,2,3,2,71
3191,2,4,3,70.33
3192,3,4,1,82.5
3193,3,2,4,46.25
3194,2,2,3,31.43
3195,1,4,3,82.5
3196,4,3,3,70.37
3197,1,1,3,22.5
3198,3,3,3,21
3199,1,1,4,22.5
3200,4,2,3,46
3201,4,4,3,75
3202,2,4,3,56.5
3203,2,2,3,47.25
3204,4,4,3,91.25
3205,4,4,3,82.5
3206,4,3,3,72
3207,4,2,4,47.25
3208,1,3,3,70.37
3209,4,3,3,70.5
3210,4,4,2,70.33
3211,2,3,3,71
3212,2,4,2,91
3213,3,1,3,22.25
3214,3,4,3,82.5
3215,4,1,3,21.25
3216,4,1,3,22.5
3217,3,3,3,72.5
3218,2,4,2,70.33
3219,1,1,3,20
3220,4,1,2,21
3221,4,3,3,72
3222,4,2,3,45.33
3223,1,2,3,46.5
3224,1,1,3,21.25
3225,3,3,4,70.25
3226,1,3,3,71.25
3227,4,3,2,71.25
3228,3,4,2,93.56
3229,3,3,3,72.5
3230,3,3,3,70.5
3231,4,4,3,70
3232,2,3,3,72
3233,2,1,4,20
3234,3,2,1,46.25
3235,3,4,2,91.25
3236,4,4,2,91
3237,4,1,1,21.25
3238,4,2,3,47.25
3239,4,4,3,70.25
3240,4,1,4,20.5
3241,1,4,3,82.5
3242,4,3,1,70.25
3243,2,1,3,22.5
3244,3,1,4,52.25
3245,4,4,2,93.56
3246,3,4,2,91.25
3247,2,3,3,70.25
3248,1,3,3,70
3249,2,3,3,70
3250,4,4,3,82.5
3251,4,1,3,21.39
3252,1,1,3,22.5
3253,4,4,3,91.5
3254,1,4,3,70
3255,2,3,2,70.37
3256,4,1,2,22
3257,2,4,3,70.33
3258,4,1,3,21.39
3259,3,4,3,91
3260,4,1,2,21.25
3261,1,1,3,22.5
3262,,1,3,22.25
3263,1,4,2,91
3264,4,3,3,70
3265,3,2,3,45
3266,3,1,3,20.5
3267,2,4,2,70
3268,3,1,3,20.37
3269,3,2,3,46.5
3270,4,3,3,71.5
3271,3,3,3,72
3272,2,1,3,21.39
3273,3,3,4,70
3274,1,1,3,22.5
3275,3,4,2,82.5
3276,3,2,3,46.5
3277,3,3,3,71.25
3278,4,2,3,47
3279,4,3,3,70
3280,4,4,3,91.25
3281,3,3,2,71.39
3282,3,2,3,45.26
3283,3,3,3,71
3284,1,3,3,70.37
3285,3,4,2,70.26
3286,2,3,3,70
3287,2,2,2,47.25
3288,1,1,2,22.5
3289,3,4,3,91.5
3290,3,4,4,70.33
3291,3,4,2,82.25
3292,2,1,3,20
3293,3,4,3,70.25
3294,3,3,4,70.25
3295,2,2,3,46.5
3296,3,,1,
3297,3,3,3,72.25
3298,4,4,2,82.5
3299,1,3,2,72.25
3300,4,2,2,47.25
3301,1,1,2,21.5
3302,1,1,3,21.39
3303,3,1,2,22.25
3304,2,4,2,70.26
3305,2,4,2,91.25
3306,2,4,2,91
3307,1,4,3,82
3308,4,1,3,21.39
3309,3,3,2,70.5
3310,3,4,3,70
3311,4,3,3,50.25
3312,2,4,3,91.5
3313,4,4,1,70.25
3314,1,4,2,70.33
3315,2,4,3,82.25
3316,1,1,3,22.25
3317,3,1,3,22.5
3318,4,3,3,71.5
3319,4,2,2,45
3320,4,4,3,82
3321,3,1,4,21.5
3322,3,1,3,21.39
3323,1,4,2,91.25
3324,2,2,3,46.5
3325,2,2,3,47.5
3326,3,4,2,82
3327,4,4,3,70
3328,2,3,3,72
3329,1,4,3,70
3330,4,2,3,45.33
3331,3,4,3,82.25
3332,4,4,3,82.25
3333,4,4,2,70.25
3334,3,4,3,82.5
3335,1,2,3,46.25
3336,1,1,3,21.25
3337,4,4,3,91.25
3338,4,2,4,47
3339,1,4,1,93.56
3340,1,4,,91
3341,2,1,3,22.5
3342,1,4,3,70.26
3343,4,4,2,82
3344,1,2,4,47.5
3345,3,3,2,70.5
3346,4,4,2,82.25
3347,3,4,2,93.56
3348,4,4,2,91.25
3349,2,3,4,70.5
3350,2,4,2,70.25
3351,3,3,3,70.25
3352,4,1,1,20.37
3353,2,3,3,71.39
3354,2,2,3,47.25
3355,3,3,3,71.5
3356,3,1,3,22
3357,3,2,3,45.33
3358,2,3,4,70
3359,4,4,1,82.25
3360,1,2,2,47.5
3361,4,3,2,72.5
3362,4,3,2,71.39
3363,2,4,3,70.25
3364,4,1,3,21
3365,3,2,3,47
3366,3,2,3,46.5
3367,1,2,2,47.25
3368,3,1,3,21.25
3369,4,1,3,20
3370,3,3,3,71.5
3371,4,2,4,46.5
3372,1,1,3,22.25
3373,4,4,1,82.25
3374,4,2,3,47.25
3375,3,1,4,21.39
3376,3,4,3,70.33
3377,2,4,3,70.25
3378,1,3,1,70
3379,3,2,2,47.25
3380,3,4,3,70.33
3381,3,3,3,72.5
3382,4,4,2,91.25
3383,4,3,3,72.25
3384,3,3,4,71.5
3385,3,3,4,70.5
3386,3,4,3,70.25
3387,4,4,3,70
3388,,3,3,70.25
3389,2,2,2,47
3390,3,3,4,72.25
3391,1,4,3,91
3392,3,1,3,22
3393,4,3,3,72.25
3394,4,1,3,20.25
3395,2,4,3,82.25
3396,4,4,3,82.25
3397,4,4,2,70.33
3398,3,2,3,47
3399,1,3,4,71
3400,3,2,3,46
3401,4,1,3,20.5
3402,4,4,3,82.5
3403,1,3,3,70.5
3404,4,3,3,71.25
3405,3,3,2,70.5
3406,4,3,3,70.25
3407,4,3,3,72
3408,3,2,1,47
3409,3,1,3,21.25
3410,2,4,3,91.25
3411,3,3,3,71.25
3412,3,3,2,72.25
3413,2,1,2,22.5
3414,4,1,3,20.25
3415,2,2,3,47.25
3416,4,4,3,82.5
3417,2,1,2,22
3418,1,3,3,70.25
3419,3,3,3,71
3420,4,3,3,72.5
3421,4,4,3,70.25
3422,1,4,3,93.56
3423,2,4,2,82
3424,4,3,4,71.5
3425,1,4,3,70
3426,3,4,3,91.5
3427,1,2,1,46
3428,3,2,3,46.5
3429,2,3,3,72
3430,2,4,3,91.25
3431,2,1,3,21.5
3432,1,4,3,70.33
3433,4,4,3,70.33
3434,4,3,3,71.39
3435,3,1,3,20
3436,4,1,3,21.39
3437,2,4,2,93.56
3438,4,4,4,82.25
3439,4,3,3,71.25
3440,2,4,2,91.25
3441,2,4,1,70
3442,2,2,3,45.25
3443,3,2,3,46.25
3444,1,3,2,72
3445,1,1,3,21.5
3446,3,3,3,72.5
3447,4,2,3,31.43
3448,3,3,3,70.37
3449,2,3,2,72.25
3450,4,2,2,45
3451,3,1,2,22.25
3452,1,3,3,71.39
3453,4,4,3,91.25
3454,3,3,3,72
3455,1,3,3,71.5
3456,4,4,2,82.5
3457,3,1,4,20.5
3458,3,4,3,82.25
3459,4,4,3,91.25
3460,3,1,2,20
3461,4,1,3,21.25
3462,1,3,4,31
3463,2,1,2,22
3464,1,1,3,21.5
3465,3,1,2,22
3466,2,3,3,72.25
3467,3,3,2,70.5
3468,1,4,3,70.33
3469,1,3,3,72.25
3470,4,2,3,47.25
3471,3,3,4,70
3472,2,1,3,21.5
3473,4,4,3,70.33
3474,4,1,3,20.25
3475,1,3,3,70.5
3476,1,3,2,72.25
3477,1,4,2,70.26
3478,4,4,3,91.25
3479,4,4,4,70.25
3480,1,3,2,72
3481,1,2,3,45
3482,4,1,3,20.37
3483,1,2,3,46.5
3484,4,3,3,70.37
3485,4,2,3,31.43
3486,3,4,3,82
3487,1,4,2,82.25
3488,2,3,3,72.5
3489,2,2,3,46.5
3490,3,3,3,71.25
3491,3,4,3,82.25
3492,4,2,2,45.26
3493,1,3,3,71.39
3494,4,2,3,45
3495,3,1,3,20
3496,1,4,3,70.33
3497,3,3,4,71.39
3498,4,2,4,47.25
3499,3,2,2,47.25
3500,1,4,3,70.25
3501,3,4,3,91
3502,1,2,1,47.5
3503,4,4,3,93.56
3504,4,2,3,45.33
3505,4,3,2,72.5
3506,4,2,2,46
3507,2,4,3,70.26
3508,2,4,2,91.5
3509,3,3,4,72.5
3510,3,3,3,71.5
3511,3,3,3,71.25
3512,1,1,3,21
3513,2,4,3,91
3514,3,3,2,71.5
3515,3,4,3,82.5
3516,4,3,3,72.5
3517,2,3,2,70.37
3518,3,3,1,70
3519,4,1,1,21.5
3520,2,3,2,71.5
3521,3,1,2,20.25
3522,2,1,4,21.25
3523,4,3,3,72.5
3524,4,2,3,45.26
3525,3,4,2,91.5
3526,1,4,3,70.33
3527,3,,3,
3528,3,4,1,85.25
3529,3,2,4,47.5
3530,4,1,3,20
3531,4,4,4,91
3532,1,3,2,70.37
3533,3,1,3,20
3534,4,1,3,20.5
3535,,4,3,70.25
3536,3,1,3,20
3537,1,3,2,71.39
3538,4,4,2,70.33
3539,1,3,2,72.5
3540,3,3,3,70.37
3541,4,3,3,71
3542,2,4,2,82.5
3543,3,4,3,82.25
3544,3,1,3,21.5
3545,4,3,3,71.39
3546,2,3,3,72.25
3547,1,1,1,21.39
3548,3,1,3,22.5
3549,2,2,3,47
3550,4,1,3,60.5
3551,4,1,3,21.5
3552,4,2,3,45.26
3553,3,1,3,22.5
3554,4,2,1,45
3555,2,3,2,71.25
3556,3,3,3,71.25
3557,3,3,2,72
3558,4,4,3,82
3559,3,4,3,93.56
3560,4,4,2,70
3561,4,1,4,21
3562,2,4,3,82
3563,3,2,3,45.33
3564,4,3,3,70.25
3565,3,1,3,20
3566,1,4,3,82
3567,2,2,4,45.26
3568,3,4,3,82
3569,4,2,3,46.25
3570,1,1,3,22.25
3571,3,4,2,70.33
3572,1,1,2,20.37
3573,4,3,1,71
3574,1,4,3,70
3575,1,2,4,46.25
3576,1,4,3,70.33
3577,4,4,3,82.25
3578,3,1,2,22.5
3579,3,1,3,20.5
3580,3,4,3,93.56
3581,3,4,3,70.25
3582,1,3,4,81.39
3583,3,2,2,47.5
3584,4,2,2,31.43
3585,1,3,3,72.25
3586,3,4,3,15.25
3587,4,4,4,91.25
3588,4,4,2,70
3589,3,3,2,70
3590,2,2,3,17.25
3591,4,3,3,72
3592,2,4,3,91.5
3593,4,3,3,70
3594,3,4,3,93.56
3595,3,4,2,91.5
3596,1,2,3,46.25
3597,4,2,3,46
3598,1,3,1,70.37
3599,4,2,3,45.26
3600,3,1,3,20.37
3601,4,2,2,46.25
3602,4,4,2,82.25
3603,3,2,4,47
3604,4,3,2,72.5
3605,3,1,2,20.37
3606,3,2,4,45.33
3607,3,3,3,71.5
3608,2,2,3,47.5
3609,4,4,4,91
3610,3,2,3,45.26
3611,1,4,3,82.5
3612,4,4,3,91
3613,2,3,2,71
3614,3,3,3,70.37
3615,2,3,3,70
3616,4,1,2,22
3617,4,2,2,31.43
3618,3,4,4,93.56
3619,2,2,3,47.25
3620,3,2,3,46.25
3621,1,3,3,70.5
3622,4,3,3,71.39
3623,3,1,3,20.37
3624,1,4,3,70.33
3625,4,3,3,71
3626,4,1,4,22
3627,3,4,3,93.56
3628,4,1,3,20.37
3629,4,2,3,46.25
3630,2,2,2,46
3631,2,1,3,20.25
3632,1,3,3,71.25
3633,4,3,2,72
3634,3,2,3,47.5
3635,4,2,4,46
3636,1,1,4,21.5
3637,3,3,2,72
3638,4,3,3,71
3639,4,2,3,45.33
3640,3,3,3,70.37
3641,4,4,2,91.5
3642,3,4,3,93.56
3643,3,1,3,20
3644,3,3,3,71.5
3645,3,2,3,46.25
3646,2,1,3,22.5
3647,3,1,4,20.37
3648,4,4,2,91.5
3649,3,1,2,21.25
3650,2,2,3,45.33
3651,1,1,2,21.5
3652,4,4,3,82.25
3653,3,4,3,70.26
3654,4,2,2,45.25
3655,4,4,,91.25
3656,4,4,3,82.5
3657,4,4,3,82.25
3658,1,3,2,70.25
3659,4,2,3,47
3660,1,3,3,70.25
3661,2,3,3,70.5
3662,2,3,3,70.37
3663,3,4,4,82.5
3664,4,3,2,71.5
3665,4,3,3,70.25
3666,3,4,4,70.25
3667,3,1,3,21.5
3668,4,3,2,72
3669,1,4,4,82.5
3670,2,2,3,45
3671,4,4,2,91
3672,3,3,3,72.25
3673,2,4,4,91
3674,3,2,2,47.25
3675,3,3,3,72.5
3676,1,3,2,72.5
3677,4,3,2,71.5
3678,1,3,1,71.25
3679,4,4,3,82.5
3680,4,3,3,70
3681,1,4,3,91
3682,,1,3,20
3683,3,1,1,22.25
3684,1,3,3,72
3685,3,4,3,70.26
3686,1,4,2,91
3687,3,1,3,22
3688,2,1,2,20.5
3689,1,1,3,20.37
3690,3,4,3,82.25
3691,4,4,2,70.33
3692,4,1,3,21.5
3693,2,4,4,82.25
3694,1,2,3,45.26
3695,2,3,3,90.25
3696,4,1,3,20.5
3697,1,2,4,47.5
3698,4,1,3,21.5
3699,1,2,4,45.26
3700,2,1,4,20
3701,1,4,2,70.25
3702,3,1,2,21.39
3703,1,4,2,70
3704,1,1,3,21.5
3705,3,3,1,71.39
3706,1,1,4,22.5
3707,1,3,4,71.39
3708,4,3,3,70.37
3709,4,4,2,82.25
3710,4,2,2,46.25
3711,2,3,2,70.37
3712,3,3,4,70.25
3713,1,4,3,91.25
3714,1,4,4,82
3715,1,1,4,21.25
3716,3,2,3,45
3717,2,1,3,21.39
3718,4,2,3,47.25
3719,2,4,1,70.26
3720,2,4,4,91.5
3721,3,1,3,21.39
3722,1,3,3,72
3723,4,2,3,45.26
3724,4,1,3,20.5
3725,3,3,3,70.37
3726,4,2,2,45.26
3727,1,3,2,70
3728,3,3,4,72
3729,4,2,2,31.43
3730,4,1,3,22.5
3731,4,1,3,21.25
3732,4,3,2,70.25
3733,1,4,3,93.56
3734,1,3,2,71.39
3735,3,3,2,72.5
3736,2,3,2,70.37
3737,3,2,3,46
3738,2,1,2,21.39
3739,1,3,4,70.5
3740,1,2,1,45
3741,1,2,4,45.26
3742,4,3,3,71.5
3743,2,1,2,20.5
3744,4,2,3,46.25
3745,2,3,2,70.37
3746,3,3,3,70.37
3747,3,3,4,72.25
3748,4,3,3,71.5
3749,1,2,3,45
3750,3,3,2,71
3751,3,1,2,21.25
3752,1,3,1,70.25
3753,3,1,3,20
3754,3,1,3,20.25
3755,4,2,3,47
3756,3,2,2,45.25
3757,4,3,3,70.37
3758,3,4,4,91.25
3759,2,4,3,91.25
3760,1,1,1,21
3761,4,1,4,20.25
3762,2,2,3,45.26
3763,3,2,4,46.5
3764,4,2,1,45.33
3765,1,3,3,71.39
3766,4,1,1,22.25
3767,4,3,3,70.25
3768,4,3,1,71.39
3769,3,4,3,70.33
3770,2,3,3,72
3771,3,2,3,47.5
3772,1,4,3,93.56
3773,3,1,3,22.25
3774,4,2,3,46
3775,4,4,3,70
3776,4,4,1,82.25
3777,1,1,4,20.37
3778,2,3,3,70
3779,3,,3,
3780,3,1,3,20.5
3781,4,4,3,70.25
3782,1,2,3,47.25
3783,2,3,3,70
3784,4,2,3,45.26
3785,3,4,2,82.25
3786,3,3,3,70.37
3787,3,3,2,70.37
3788,1,1,1,20.5
3789,2,1,3,22.5
3790,3,3,3,70.25
3791,4,1,3,20
3792,3,2,3,47.25
3793,1,1,3,21
3794,3,4,3,91
3795,3,2,3,45.25
3796,4,1,2,21.39
3797,3,1,2,20.25
3798,1,4,1,82
3799,3,4,3,70.33
3800,2,4,2,41
3801,1,4,3,91.25
3802,3,2,3,45.25
3803,2,2,4,46.25
3804,2,3,3,72.25
3805,2,1,3,20
3806,1,3,3,72.5
3807,4,3,3,71
3808,1,4,4,70.26
3809,3,3,3,72.5
3810,4,3,3,70.25
3811,1,1,3,20.5
3812,4,4,3,82.5
3813,2,3,2,71.5
3814,4,3,2,72.5
3815,4,1,3,21.5
3816,4,2,3,47
3817,3,4,2,91
3818,4,1,1,21.25
3819,3,2,3,45
3820,2,3,2,71.39
3821,2,3,3,70.25
3822,2,4,3,91.25
3823,2,4,2,70.25
3824,2,2,2,47
3825,3,1,3,20.5
3826,1,1,3,22.25
3827,4,1,3,20
3828,3,3,3,72
3829,3,4,3,93.56
3830,3,1,2,21
3831,2,1,3,21
3832,4,1,3,22.5
3833,2,1,3,22.25
3834,2,1,2,21.5
3835,3,4,3,82.5
3836,2,4,4,70.25
3837,4,3,3,80.37
3838,3,3,3,70.37
3839,1,3,3,71.39
3840,3,3,3,70.37
3841,3,3,2,70.25
3842,1,3,1,70
3843,4,4,3,91
3844,4,3,4,72.5
3845,4,1,3,60.5
3846,2,2,1,47.25
3847,3,4,2,91.5
3848,1,4,3,70.26
3849,3,4,3,26.25
3850,1,4,2,91.5
3851,1,4,3,91.5
3852,2,3,3,70.25
3853,4,4,2,93.56
3854,1,1,1,21.39
3855,3,3,3,71.5
3856,2,1,3,22.5
3857,4,3,3,72
3858,4,2,3,45.25
3859,1,2,3,45
3860,4,1,3,21
3861,3,3,3,71.25
3862,4,2,3,45.25
3863,1,2,3,45.25
3864,3,3,3,71.39
3865,4,3,3,71.39
3866,4,1,3,22.25
3867,2,3,3,72
3868,3,3,3,72.25
3869,4,4,4,82
3870,4,4,4,70
3871,1,2,2,45.33
3872,4,4,3,82.5
3873,4,2,2,47.25
3874,1,4,3,70.25
3875,4,1,2,20.5
3876,4,2,3,45.26
3877,2,2,3,45
3878,3,3,3,72.5
3879,4,3,3,71.25
3880,4,1,3,22
3881,3,4,3,70.26
3882,1,3,2,70
3883,3,4,3,70
3884,4,3,3,71.25
3885,4,3,2,72.5
3886,2,4,,82.5
3887,4,3,3,70.37
3888,4,2,3,46.25
3889,4,4,3,93.56
3890,1,2,3,31.43
3891,2,4,4,82.5
3892,3,4,4,91
3893,2,2,3,47.5
3894,3,4,2,70.25
3895,2,4,3,82.5
3896,3,4,3,70
3897,3,4,3,93.56
3898,1,4,4,91.25
3899,4,4,3,91
3900,3,3,3,70.25
3901,4,3,3,71.39
3902,4,3,3,70.25
3903,3,4,2,70
3904,3,3,2,72.25
3905,4,3,3,72.5
3906,3,3,1,72.25
3907,4,3,4,70
3908,4,2,3,45.33
3909,1,3,2,72.25
3910,2,3,4,72.25
3911,3,2,3,47.5
3912,2,1,3,21
3913,2,1,4,20
3914,3,2,3,46.25
3915,4,3,3,71.39
3916,2,4,2,70.25
3917,3,2,1,47.25
3918,3,4,2,93.56
3919,2,1,3,20.37
3920,1,2,3,47.25
3921,3,2,1,46.5
3922,4,4,2,82.5
3923,4,4,3,82
3924,4,3,1,71
3925,2,2,2,47.25
3926,3,3,4,70.5
3927,4,1,3,20.37
3928,1,4,3,70.26
3929,3,4,2,82
3930,1,3,3,70.37
3931,3,4,2,82.25
3932,2,2,3,46.5
3933,4,3,4,70.5
3934,3,1,3,21
3935,4,4,3,70.25
3936,4,2,2,47
3937,4,4,4,82.25
3938,1,1,2,22
3939,3,2,2,46.5
3940,1,3,3,72.25
3941,4,1,3,21.39
3942,3,3,3,71
3943,2,2,3,45.25
3944,2,4,3,91.5
3945,3,3,3,72.25
3946,2,2,2,45
3947,3,1,3,20.37
3948,4,2,2,45.25
3949,3,1,3,21.25
3950,4,3,3,72
3951,1,3,2,70.25
3952,2,4,3,70.25
3953,4,4,3,93.56
3954,2,2,3,45.25
3955,4,3,3,72
3956,3,1,3,22.5
3957,1,4,3,82
3958,1,3,3,70.5
3959,2,2,3,45
3960,3,4,3,93.56
3961,4,1,3,22
3962,3,2,2,45.25
3963,3,2,2,31.43
3964,3,4,3,91.5
3965,4,1,3,20.37
3966,3,4,4,82
3967,3,3,3,70.37
3968,2,2,3,47.5
3969,3,1,2,20
3970,2,1,2,20.5
3971,2,4,3,82
3972,1,2,3,47.5
3973,4,1,2,21.5
3974,4,1,1,20.37
3975,3,4,3,91
3976,1,3,2,71
3977,2,2,1,47.25
3978,3,3,4,71
3979,1,3,3,70.5
3980,4,2,3,46.5
3981,4,2,4,46
3982,3,4,3,70
3983,2,3,3,70.25
3984,2,2,2,45.25
3985,2,3,4,70
3986,3,2,3,47.25
3987,2,1,3,22
3988,4,4,2,91.25
3989,1,1,3,20
3990,3,1,3,20.25
3991,2,4,2,91.5
3992,3,4,3,70.25
3993,1,3,3,70.25
3994,2,3,1,72.25
3995,4,1,3,22.5
3996,1,1,3,22.5
3997,,3,4,71.39
3998,4,2,3,45.25
3999,1,4,3,91
4000,4,4,2,82.25
4001,4,4,4,82.5
4002,4,4,4,82
4003,3,3,2,70
4004,2,3,3,70.37
4005,4,4,2,82.5
4006,3,4,3,70.33
4007,4,3,3,72.5
4008,4,3,3,70
4009,3,2,2,31.43
4010,1,1,3,22
4011,2,3,3,71
4012,4,2,3,46.5
4013,1,3,3,70.5
4014,4,2,3,45
4015,4,4,2,70
4016,3,2,3,47.25
4017,4,1,2,21.5
4018,4,4,3,70.25
4019,2,4,4,82.5
4020,2,2,3,46.25
4021,2,4,2,91.5
4022,4,2,3,45.25
4023,2,3,3,72
4024,2,3,3,70.5
4025,3,4,3,91.25
4026,4,1,3,22
4027,4,1,3,22
4028,4,2,3,47.25
4029,2,4,2,70.25
4030,2,4,2,70
4031,1,,3,
4032,2,3,2,71.39
4033,1,3,2,71.39
4034,4,4,3,70.33
4035,2,1,3,21.39
4036,4,1,3,20
4037,1,4,3,82.5
4038,3,2,1,47.25
4039,3,2,3,47.5
4040,3,1,4,20
4041,3,4,3,82.5
4042,4,4,2,82.25
4043,1,3,2,71.25
4044,3,4,3,70.33
4045,2,3,3,71
4046,2,3,2,72.25
4047,3,4,3,82.5
4048,3,1,3,20.25
4049,1,3,3,70
4050,2,2,2,31.43
4051,3,4,3,82.5
4052,4,3,3,70.5
4053,3,2,4,46.25
4054,4,1,3,22.5
4055,1,1,3,21.25
4056,4,2,3,46
4057,4,4,2,91.5
4058,1,3,3,72
4059,2,4,4,70.33
4060,2,4,3,70.25
4061,2,4,3,91.5
4062,1,2,3,45.33
4063,2,1,1,21.25
4064,3,3,2,71.39
4065,3,1,4,22
4066,1,2,3,47
4067,1,4,2,93.56
4068,4,3,2,71.39
4069,3,1,2,21.5
4070,1,1,2,22.25
4071,3,4,3,70.25
4072,4,1,3,22.25
4073,3,4,2,70
4074,1,1,2,20.5
4075,3,4,3,70.26
4076,4,4,3,82.25
4077,4,4,3,70
4078,1,4,3,93.56
4079,1,1,2,22.5
4080,1,3,2,72
4081,4,3,3,71.5
4082,1,3,3,70.37
4083,4,2,3,31.43
4084,3,2,3,47
4085,4,4,3,70.25
4086,2,1,3,10.25
4087,4,3,3,71.5
4088,3,3,4,71.39
4089,3,1,3,22
4090,2,3,2,70.37
4091,4,4,4,82.5
4092,4,3,4,72
4093,2,2,3,47
4094,3,2,3,45.33
4095,4,2,2,46
4096,4,3,2,72.5
4097,1,3,3,71
4098,2,3,2,72.25
4099,4,2,3,45.33
4100,1,3,3,70.5
4101,1,3,3,71.39
4102,4,1,2,20.5
4103,4,4,3,82.25
4104,3,2,1,45.26
4105,4,3,3,71
4106,4,3,4,71.5
4107,2,3,3,70
4108,2,4,3,70.33
4109,3,2,3,31.43
4110,1,4,2,70
4111,2,2,3,31.43
4112,1,4,3,82
4113,2,3,3,72.5
4114,3,4,3,91
4115,3,4,3,70.33
4116,1,3,2,72.5
4117,1,4,,93.56
4118,2,4,3,91
4119,3,1,3,20.5
4120,4,4,2,82.25
4121,4,1,2,20.5
4122,1,4,3,70.25
4123,4,2,3,47
4124,3,3,2,71.25
4125,1,4,4,82
4126,1,3,2,72.25
4127,4,3,1,71.25
4128,1,2,3,46
4129,4,3,3,72
4130,4,4,2,91.25
4131,3,2,3,46.25
4132,4,1,3,21.5
4133,3,4,3,70.33
4134,1,4,3,86.5
4135,2,3,3,71
4136,2,4,2,91.25
4137,4,3,3,71.39
4138,3,3,3,71.5
4139,3,3,4,72.5
4140,3,3,3,70.25
4141,3,4,3,82.25
4142,4,2,3,45
4143,4,1,1,21
4144,4,1,3,22.5
4145,2,4,2,82.25
4146,2,1,3,22
4147,4,3,3,71.39
4148,3,4,3,91.25
4149,4,1,3,20
4150,2,2,3,47
4151,4,2,2,47
4152,2,3,4,72
4153,2,4,1,91
4154,3,2,3,45.33
4155,4,3,3,72.5
4156,4,3,3,70.37
4157,1,2,3,47.25
4158,4,4,2,82.25
4159,3,1,2,22
4160,4,3,3,72.5
4161,4,3,3,71.25
4162,3,3,2,71.25
4163,1,2,3,45.33
4164,4,3,3,70.5
4165,1,3,2,71.39
4166,2,4,3,82
4167,3,3,3,71
4168,2,1,3,20.37
4169,1,2,2,46
4170,4,4,2,91
4171,1,4,3,70.33
4172,4,4,3,70.25
4173,1,3,2,70.37
4174,3,1,3,22
4175,1,2,3,46
4176,3,4,3,91.5
4177,2,1,3,20.25
4178,3,3,2,71
4179,2,1,3,21.39
4180,3,2,3,47.25
4181,1,4,3,70
4182,2,1,2,22.25
4183,3,4,3,70.25
4184,4,4,4,70.25
4185,4,3,3,71.25
4186,4,4,4,70.25
4187,2,4,2,91.5
4188,4,3,2,72
4189,1,3,3,71.39
4190,4,4,3,82.25
4191,2,1,4,20.25
4192,3,1,3,22.5
4193,3,4,3,82.5
4194,4,1,3,20.5
4195,1,3,2,70
4196,4,3,3,70.25
4197,3,4,3,91.25
4198,2,3,3,70
4199,2,3,3,71.25
4200,2,2,3,47.25
4201,1,4,3,93.56
4202,4,4,3,91.5
4203,1,3,3,71
4204,3,3,2,71.5
4205,2,1,2,21.25
4206,3,1,3,21
4207,3,4,2,70.33
4208,1,4,3,82
4209,2,1,2,20.37
4210,3,1,3,22.25
4211,4,4,2,91.5
4212,1,3,4,70.5
4213,1,4,3,91.5
4214,4,4,3,70.26
4215,2,3,2,70.37
4216,1,1,2,20.25
4217,3,3,3,70
4218,4,3,3,70.5
4219,2,2,3,46.25
4220,2,,3,
4221,2,1,2,21.5
4222,4,3,2,71
4223,1,3,2,71.5
4224,3,2,3,45.26
4225,3,2,3,47.5
4226,2,2,3,46
4227,2,4,3,70.26
4228,3,4,3,91
4229,3,1,3,20.25
4230,4,1,4,21.39
4231,1,3,4,71.25
4232,2,2,3,47.5
4233,4,4,2,91.25
4234,2,3,3,70.37
4235,1,4,3,82.5
4236,2,4,3,93.56
4237,1,2,3,46.25
4238,4,4,2,82.5
4239,3,1,3,20.37
4240,4,4,3,70.26
4241,3,4,3,70.33
4242,3,4,3,70.25
4243,3,2,2,45.26
4244,3,4,1,82.5
4245,3,2,2,47.5
4246,3,1,2,21.39
4247,2,3,3,70
4248,1,3,1,71.25
4249,1,3,2,72.25
4250,2,3,4,70.5
4251,4,3,2,72.25
4252,2,2,4,46.5
4253,3,1,3,20.25
4254,4,1,3,20.25
4255,4,4,3,93.56
4256,1,3,3,71.39
4257,3,4,4,82
4258,3,4,3,82.5
4259,1,2,2,45
4260,3,3,3,71.5
4261,4,4,3,91
4262,2,4,3,82
4263,1,1,2,20.37
4264,1,3,3,71.5
4265,4,4,3,70.25
4266,2,3,3,71.5
4267,3,2,3,47.25
4268,3,4,3,91.5
4269,3,1,3,20.5
4270,2,4,3,82.5
4271,1,4,3,70.25
4272,3,4,4,70.25
4273,1,3,2,71
4274,3,2,4,47.25
4275,2,2,3,46
4276,1,3,3,70.5
4277,2,3,2,70.25
4278,3,2,2,47
4279,4,4,2,91
4280,4,3,2,71.5
4281,3,4,3,91.25
4282,3,1,2,21
4283,2,3,3,72
4284,3,4,3,70
4285,2,3,3,72.5
4286,3,3,3,72
4287,3,3,3,70.37
4288,2,2,3,46
4289,1,4,3,91.5
4290,4,3,4,71.39
4291,1,3,3,70.5
4292,3,4,1,70.25
4293,1,1,4,4.5
4294,3,4,2,91.25
4295,4,3,3,72
4296,1,3,2,70.37
4297,4,4,4,82.25
4298,4,1,3,22.25
4299,2,4,3,70.25
4300,4,1,2,20.5
4301,3,1,3,20.5
4302,2,2,3,45
4303,2,2,3,47
4304,3,2,3,46.25
4305,2,3,1,71.39
4306,2,2,,46.25
4307,2,4,3,82.5
4308,4,3,3,70.37
4309,2,3,3,72.5
4310,2,2,2,47.5
4311,3,4,2,47
4312,3,3,3,72.5
4313,3,4,3,82.25
4314,4,2,1,45.26
4315,3,4,1,82
4316,3,4,1,82.5
4317,3,3,2,70.5
4318,3,2,3,45
4319,1,3,3,72.5
4320,2,4,3,91.25
4321,1,4,4,82.25
4322,3,3,3,70.5
4323,3,2,2,31.43
4324,3,1,4,20.5
4325,4,2,2,47
4326,3,1,3,20.37
4327,3,1,4,22
4328,3,1,3,21
4329,3,4,4,82
4330,2,4,2,91.5
4331,2,1,3,21.25
4332,3,4,3,91
4333,,4,3,70
4334,4,2,3,31.43
4335,2,2,2,47
4336,3,3,2,71.5
4337,4,1,3,22
4338,4,2,3,31.43
4339,4,3,3,72.25
4340,3,2,3,47.5
4341,4,3,2,91.5
4342,4,2,3,45
4343,3,3,3,28
4344,4,2,2,31.43
4345,2,3,3,70
4346,4,,4,
4347,1,4,3,91.5
4348,2,1,2,21.39
4349,2,2,3,47
4350,3,3,3,72.25
4351,4,3,3,71.39
4352,4,4,1,93.56
4353,3,1,3,21.5
4354,4,4,3,91
4355,4,3,4,70.37
4356,3,4,4,70
4357,2,1,3,21
4358,2,4,2,82.5
4359,4,2,2,45.33
4360,2,4,3,91.25
4361,4,4,1,91.25
4362,4,1,3,22.5
4363,4,4,2,91.5
4364,3,3,3,70.37
4365,4,3,3,72.5
4366,2,2,1,47.5
4367,4,1,3,20.5
4368,4,4,3,82
4369,3,1,2,20.37
4370,3,3,2,71.25
4371,4,4,3,70
4372,4,1,3,22.5
4373,4,2,4,47.25
4374,3,2,3,45.25
4375,2,4,3,70.25
4376,1,3,2,72
4377,3,3,3,70
4378,3,4,3,91.5
4379,1,4,3,70.25
4380,2,4,3,91.25
4381,3,3,4,70
4382,3,4,2,91
4383,3,4,2,82
4384,3,4,3,91.25
4385,2,3,2,70.25
4386,4,4,2,91.25
4387,3,4,1,70.26
4388,4,4,3,82
4389,1,1,4,22.25
4390,1,3,4,71.39
4391,3,2,3,70
4392,4,3,1,71.25
4393,3,3,3,71.39
4394,3,4,3,82
4395,3,1,2,20.25
4396,1,4,3,91.25
4397,3,4,3,70.25
4398,2,3,3,72.25
4399,3,4,2,15
4400,4,1,3,22
4401,3,1,2,20.5
4402,1,3,3,70.25
4403,1,3,3,71.25
4404,3,3,3,70
4405,3,4,3,93.56
4406,4,1,3,20
4407,4,4,3,67.5
4408,1,3,3,71.25
4409,4,1,3,81.25
4410,1,3,,70.5
