,EmployeeID,LeavesTaken,SumRelProd
0,1,17,-8831
1,2,13,-4093
2,3,7,-14449
3,4,14,-11488
4,5,4,-27
5,6,12,39646
6,7,17,-15101
7,8,6,-18687
8,9,19,-10649
9,10,15,-13032
10,11,8,5715
11,13,20,17769
12,14,14,19620
13,15,8,-27743
14,16,12,-18526
15,17,22,-18925
16,18,3,44371
17,19,17,-14589
18,20,18,17811
19,21,17,-5813
20,22,16,-27953
21,23,17,5491
22,25,18,-12683
23,26,8,19576
24,27,10,42578
25,28,13,-5714
26,29,6,43288
27,30,19,-16239
28,31,11,30005
29,32,7,-18853
30,33,15,35239
31,34,6,-26611
32,35,9,-20471
33,36,17,31508
34,37,7,28673
35,38,19,-27993
36,39,22,-16778
37,40,10,-4563
38,42,14,-5831
39,43,7,-15330
40,44,9,-14396
41,45,5,-11809
42,46,9,-12032
43,47,14,-5235
44,48,12,-2494
45,49,22,-14077
46,50,21,-15076
47,51,7,41924
48,52,12,15886
49,53,10,-16876
50,54,13,-9804
51,55,5,8825
52,56,12,-17397
53,57,4,43766
54,58,22,-4378
55,59,6,28299
56,60,10,-1469
57,61,5,39007
58,62,10,35682
59,63,18,28565
60,64,6,-20429
61,65,12,-7258
62,66,2,40297
63,67,17,-25378
64,68,22,-19054
65,69,21,-26437
66,70,3,28985
67,71,7,-8520
68,72,6,-22082
69,73,14,-24091
70,74,18,18145
71,75,17,-26587
72,76,11,-11291
73,77,7,-13185
74,78,18,26416
75,79,19,34074
76,80,10,-15792
77,81,17,-5833
78,82,5,-28234
79,83,13,-28425
80,84,7,14161
81,86,5,5551
82,87,16,-1344
83,88,12,-12830
84,89,10,24104
85,90,10,-3405
86,91,12,-24517
87,92,16,-23798
88,93,21,11267
89,94,18,-3964
90,95,16,-9652
91,96,2,41351
92,97,4,35176
93,98,6,-29357
94,99,10,-27178
95,100,5,1836
96,101,17,-9761
97,102,11,-12900
98,103,14,-23700
99,104,16,1679
100,105,20,-302
101,106,18,34664
102,107,18,-201
103,108,21,-26062
104,109,16,-5885
105,110,19,-15429
106,111,15,18079
107,113,19,-27780
108,114,4,-3230
109,115,13,-4111
110,117,17,-12358
111,118,9,-2628
112,119,21,-5319
113,120,15,-28152
114,121,14,15585
115,122,13,9569
116,123,19,27398
117,124,18,-15357
118,126,18,-23863
119,127,13,-23242
120,128,9,2645
121,129,9,-22409
122,130,19,-18284
123,131,14,-7421
124,132,4,28107
125,133,14,-8360
126,134,11,-7333
127,135,22,-27365
128,136,15,-16124
129,137,17,-26119
130,139,11,12436
131,140,17,40197
132,141,16,37513
133,142,17,-13192
134,143,4,14712
135,144,10,-8426
136,145,4,-6208
137,146,8,-20001
138,147,13,-25713
139,148,13,-21751
140,149,6,2728
141,150,12,-17353
142,151,14,-9948
143,152,16,-16577
144,153,19,-9465
145,154,17,-25657
146,155,12,-5660
147,156,11,-20180
148,157,13,37387
149,158,22,-24567
150,159,12,8306
151,160,19,-27694
152,161,22,-23515
153,162,15,-1447
154,163,7,-12087
155,164,12,-19291
156,165,15,-1434
157,166,10,-18490
158,167,18,-23813
159,168,6,-12098
160,169,9,-24798
161,170,18,-10948
162,171,19,-2741
163,172,7,-17471
164,173,15,-21401
165,174,8,-5171
166,175,15,-5932
167,176,15,16442
168,177,13,-23085
169,178,15,6578
170,179,5,-15271
171,180,8,-22179
172,181,7,12601
173,182,21,-19418
174,183,12,42479
175,184,13,-2807
176,185,5,-11404
177,186,15,-22310
178,187,18,-17030
179,188,15,-8669
180,189,19,-25065
181,190,16,-27863
182,191,5,-10353
183,192,7,-13736
184,193,7,10410
185,194,13,39636
186,195,23,-8109
187,197,21,-8411
188,198,8,-8764
189,199,15,-18203
190,200,8,17672
191,201,10,-16162
192,202,19,17720
193,203,20,-27372
194,204,21,-23012
195,205,12,-22782
196,206,16,10386
197,207,9,-8904
198,208,21,-24781
199,209,10,-4326
200,210,8,-7255
201,212,8,-29128
202,213,7,-28709
203,214,10,-28510
204,215,12,-15773
205,216,8,40103
206,217,18,13519
207,218,7,-9078
208,219,17,-16486
209,220,5,-17846
210,221,22,-8161
211,222,3,41582
212,223,16,-15801
213,224,18,12440
214,225,10,-18999
215,226,10,-1197
216,227,15,-23836
217,228,10,-1726
218,229,6,12750
219,230,7,-13338
220,231,14,-7287
221,232,4,9960
222,233,7,-17505
223,234,6,16302
224,235,12,-14113
225,236,21,-17834
226,237,16,5511
227,238,10,-21862
228,239,19,-10703
229,240,18,9446
230,241,22,-26841
231,242,14,-10242
232,243,7,19880
233,244,12,-9931
234,245,14,-12614
235,246,10,-8168
236,247,21,-5935
237,248,5,28628
238,249,11,-25603
239,250,15,-16807
240,251,12,-19229
241,252,7,-7163
242,253,21,-21885
243,254,12,38321
244,255,19,-13874
245,256,11,8867
246,257,3,35347
247,258,18,-17697
248,259,15,-12895
249,260,8,-4734
250,261,7,-17558
251,262,20,-2786
252,263,19,-12564
253,264,15,12316
254,265,20,-5544
255,266,3,16403
256,267,17,-16533
257,268,8,-7165
258,269,16,-18115
259,270,15,-1527
260,271,3,2911
261,272,16,-11789
262,273,18,-20761
263,275,18,-17889
264,276,7,8822
265,277,19,-17278
266,278,22,-4052
267,279,12,-19902
268,280,12,-9420
269,281,16,-25734
270,282,22,-8469
271,283,20,1236
272,284,11,-28395
273,285,20,24813
274,286,8,-27481
275,287,20,4085
276,288,16,-6811
277,289,6,-23348
278,290,10,28645
279,291,13,-12896
280,292,6,-23338
281,293,18,-2841
282,294,8,-24769
283,295,16,-12192
284,296,15,11098
285,297,5,-7435
286,298,20,-12712
287,299,22,-23578
288,300,18,-12609
289,302,12,41162
290,303,11,-25928
291,304,19,-27790
292,305,11,29154
293,306,17,-4592
294,307,14,-28609
295,308,17,-419
296,310,5,-3293
297,311,10,-419
298,312,17,-8421
299,313,7,-11549
300,315,9,-24687
301,316,19,-25062
302,317,10,-25898
303,318,5,13205
304,319,11,-17107
305,320,6,21097
306,321,7,40692
307,322,18,-15020
308,323,5,-3054
309,324,21,-11490
310,325,6,-22671
311,326,20,-989
312,327,7,-2691
313,328,12,-472
314,329,8,-17248
315,330,12,-27504
316,331,13,-22615
317,332,1,39982
318,333,8,-14786
319,334,7,-300
320,335,11,20829
321,336,21,-4006
322,337,16,-3946
323,338,17,12365
324,339,12,-3222
325,340,17,34305
326,341,19,-24911
327,342,21,-18985
328,343,18,-214
329,345,4,20137
330,346,18,-19242
331,347,6,-6219
332,348,7,-5999
333,349,14,-16002
334,350,18,-23852
335,351,21,-22324
336,352,18,-9337
337,353,15,34900
338,354,11,-14473
339,355,5,27837
340,356,7,-16202
341,357,19,-133
342,358,4,-10244
343,359,18,-26243
344,360,10,-24229
345,361,11,-22732
346,362,8,-28755
347,363,18,-15311
348,364,14,23915
349,365,15,-3074
350,366,19,-22021
351,367,4,35023
352,368,12,7330
353,369,7,-20643
354,370,15,-5919
355,371,8,-27535
356,372,22,-23384
357,373,17,-21241
358,374,8,43017
359,375,19,12
360,376,7,-6042
361,377,6,35012
362,378,20,10819
363,379,18,27621
364,380,20,-1684
365,381,12,-3024
366,382,8,-7793
367,383,19,-6166
368,384,14,-16835
369,385,13,-14448
370,386,10,23043
371,387,9,30104
372,388,7,20128
373,389,16,-22958
374,390,13,-12790
375,391,14,-8446
376,392,5,-19597
377,393,15,-5937
378,394,5,39156
379,395,12,4277
380,396,21,-19097
381,397,4,-16546
382,398,14,19852
383,399,2,29889
384,400,12,-22124
385,401,10,25317
386,402,22,-21677
387,403,5,36488
388,404,8,-20686
389,405,15,-12674
390,407,5,33527
391,408,12,6803
392,409,8,25941
393,410,18,33289
394,411,13,-4678
395,412,10,38117
396,413,10,-4699
397,414,3,-4217
398,415,21,-15453
399,416,11,36273
400,417,10,4475
401,418,6,-28092
402,419,11,33881
403,420,17,-14150
404,421,10,-18773
405,422,5,-13532
406,423,10,-21580
407,424,5,-13565
408,425,7,-13439
409,426,16,12509
410,427,23,-26337
411,428,8,-5270
412,429,16,37837
413,430,11,-13024
414,431,8,37694
415,432,7,-27943
416,433,18,4456
417,434,4,1949
418,435,14,-1616
419,436,12,25563
420,437,5,-29152
421,438,23,-23499
422,439,12,-24161
423,440,20,-5333
424,441,12,-23285
425,442,11,-14531
426,443,19,-7340
427,444,7,-21560
428,445,20,-70
429,446,21,1256
430,447,12,-9801
431,448,19,-20681
432,449,12,20832
433,450,14,29373
434,451,7,-17466
435,452,11,2566
436,453,17,-1027
437,454,13,32178
438,455,5,-7213
439,456,8,-14431
440,457,19,-8561
441,458,8,14083
442,459,18,-1414
443,460,16,-12996
444,461,7,10094
445,462,7,-523
446,463,14,35206
447,464,6,21464
448,465,5,-4440
449,466,7,-16273
450,467,5,-20709
451,468,17,18270
452,469,7,-24787
453,470,14,-23910
454,471,19,-19437
455,472,9,22775
456,473,16,29494
457,474,8,4427
458,475,21,-5509
459,476,19,-1099
460,478,6,-401
461,479,18,-20317
462,480,11,-15900
463,481,12,-12922
464,482,6,-10403
465,483,11,-15341
466,485,13,-25726
467,486,4,30836
468,487,15,-19908
469,488,13,8747
470,489,22,-23630
471,491,16,-4867
472,492,13,-28222
473,493,5,42313
474,494,21,-21405
475,495,8,-2607
476,496,9,40488
477,497,14,-5377
478,498,6,-8877
479,499,11,-11567
480,500,6,-13758
481,501,8,1414
482,502,5,-19575
483,503,7,-3316
484,504,15,-27030
485,505,18,2787
486,506,5,17711
487,507,7,-3483
488,508,11,-5962
489,509,15,22280
490,510,19,-10280
491,511,23,-25637
492,512,4,-4394
493,513,15,-8593
494,514,12,-6206
495,515,16,-15314
496,516,17,-19497
497,517,22,-25880
498,518,8,-1203
499,519,6,16087
500,520,20,-19057
501,521,10,42747
502,522,7,10297
503,523,16,-8222
504,524,18,-6801
505,525,6,-25603
506,526,12,-1847
507,527,19,-9863
508,528,11,-1205
509,529,6,-4
510,530,18,-17658
511,531,6,-20344
512,532,8,-26286
513,533,16,-22312
514,534,15,25323
515,535,20,-2928
516,536,3,-19826
517,537,15,-18530
518,538,4,37840
519,539,9,41647
520,540,16,-2764
521,541,15,30931
522,542,5,-17953
523,543,14,-24125
524,544,3,36230
525,545,6,482
526,546,20,-12203
527,547,21,-24588
528,548,17,-27736
529,549,7,-380
530,550,2,39858
531,551,19,-23232
532,552,12,-15807
533,553,11,-22976
534,554,17,-8617
535,555,5,-13013
536,556,16,-11310
537,557,6,-29514
538,558,13,35538
539,559,16,-25341
540,560,19,-11214
541,561,21,-19181
542,562,21,-7175
543,563,20,-19396
544,564,19,-11545
545,565,19,244
546,566,17,-12605
547,567,3,-11893
548,568,4,42486
549,569,23,-20137
550,570,13,37896
551,571,15,-14250
552,572,15,13692
553,573,11,1658
554,574,18,-12179
555,576,16,-8292
556,577,19,-12713
557,578,7,-17508
558,579,10,-17425
559,580,15,-18175
560,581,18,147
561,582,18,-4352
562,583,22,-12840
563,584,21,-1367
564,585,11,32586
565,586,6,-7102
566,588,8,36252
567,589,12,-15793
568,590,6,-7514
569,591,9,-318
570,592,7,-7232
571,593,21,-19337
572,594,23,-23411
573,595,11,-7706
574,596,10,-10366
575,597,5,11554
576,598,6,-17974
577,599,15,-18376
578,600,18,33178
579,601,6,-29327
580,602,12,12607
581,603,12,26597
582,604,13,-28535
583,605,17,-25579
584,606,12,-2669
585,607,9,-11904
586,608,15,-7213
587,609,23,-16500
588,611,23,-11001
589,612,12,-10207
590,613,13,6939
591,614,22,-19695
592,615,23,-26994
593,616,20,-19585
594,617,7,-29026
595,618,12,-5939
596,619,11,-24659
597,620,19,-24735
598,621,9,-7295
599,622,10,8743
600,623,14,-10464
601,624,15,5399
602,625,11,404
603,626,15,-27415
604,627,19,-9893
605,628,5,92
606,629,11,16783
607,630,4,22359
608,631,5,26345
609,632,16,16326
610,633,10,-24236
611,634,15,-28112
612,635,13,5392
613,636,19,-8717
614,637,5,-4921
615,638,9,8398
616,639,13,-10430
617,640,9,-9186
618,641,11,-20199
619,642,20,-17952
620,643,6,-28012
621,644,7,-27922
622,645,18,-337
623,646,4,11572
624,647,8,-26433
625,649,11,-28900
626,650,16,-13777
627,651,15,42440
628,652,16,38797
629,653,22,-7124
630,654,5,17522
631,655,4,9998
632,656,18,25931
633,657,9,23253
634,658,8,-5981
635,659,11,-15814
636,660,9,13110
637,661,3,43952
638,662,15,-19879
639,663,9,-17460
640,664,19,32643
641,665,14,-2830
642,666,14,-7215
643,667,3,36513
644,668,15,19843
645,669,18,-22106
646,670,2,38536
647,671,12,-28827
648,672,17,23683
649,673,20,-14014
650,674,5,22040
651,675,15,5594
652,676,16,-16897
653,677,17,-341
654,678,22,-16386
655,680,5,5597
656,681,21,-26983
657,682,11,-21662
658,683,7,-4150
659,684,12,-25339
660,685,9,-18505
661,686,13,-4236
662,687,12,82
663,688,16,33501
664,689,10,25713
665,690,11,28075
666,691,5,35111
667,692,5,-29313
668,693,19,28844
669,694,17,-2550
670,695,14,15100
671,696,20,-27800
672,697,10,24012
673,698,21,-19242
674,699,17,-42
675,700,9,-10110
676,701,10,-9054
677,702,5,-29721
678,703,14,-4755
679,704,15,21015
680,705,11,21638
681,706,12,-20158
682,707,20,-10381
683,708,22,-23084
684,709,20,6900
685,710,21,-26017
686,711,15,-26704
687,712,7,-5568
688,713,10,-12773
689,714,22,-7340
690,715,5,-1721
691,716,20,-11435
692,717,12,-9230
693,718,6,10229
694,719,14,33671
695,720,15,-22569
696,721,13,-21314
697,722,15,-10952
698,723,11,-4591
699,724,8,16316
700,725,23,-21904
701,726,16,-1345
702,727,15,-18068
703,728,10,41413
704,729,2,33262
705,730,20,-12316
706,731,11,38159
707,732,11,34111
708,733,9,-3294
709,734,17,33383
710,735,10,-19993
711,737,12,15611
712,738,11,24450
713,739,18,32101
714,740,8,28758
715,741,24,-23100
716,742,12,-27481
717,743,14,-21572
718,744,19,-6709
719,745,19,-4446
720,746,21,-484
721,747,20,-16522
722,748,8,-25879
723,749,11,-13210
724,750,20,7919
725,751,19,-24976
726,752,3,38438
727,753,16,-7345
728,754,15,19569
729,755,9,-10150
730,756,4,-6903
731,757,13,-10147
732,758,21,-5541
733,759,15,426
734,760,6,-11926
735,761,11,-23982
736,762,4,-10171
737,763,12,-3112
738,764,12,-11181
739,765,16,-5663
740,766,17,-19280
741,767,8,-24713
742,768,13,23612
743,769,12,-7436
744,770,22,-25964
745,771,6,36321
746,772,19,-22316
747,773,8,-19258
748,774,11,-19155
749,775,6,20482
750,776,20,-16501
751,777,14,35144
752,778,23,-18414
753,779,6,33539
754,780,15,36557
755,781,14,-12536
756,782,15,-8456
757,783,7,373
758,784,16,-21232
759,785,19,-19384
760,786,15,-15423
761,787,8,-17707
762,788,9,-21523
763,789,5,-15880
764,790,11,-10277
765,791,13,-15964
766,792,10,-27948
767,793,22,-9642
768,794,15,-6024
769,795,19,-26399
770,796,19,-5905
771,797,13,-15774
772,798,20,-23395
773,799,5,-21526
774,801,7,7331
775,802,22,-19143
776,803,16,7183
777,804,10,-9432
778,805,6,33315
779,806,6,-14262
780,807,7,-27688
781,808,14,37830
782,809,5,-1610
783,810,9,40915
784,811,5,-6142
785,812,9,-27151
786,813,22,-14243
787,814,16,-22480
788,815,5,-12984
789,816,19,-28072
790,817,18,6255
791,818,10,-8376
792,819,21,-13789
793,820,8,-21472
794,821,20,-1745
795,822,21,-12077
796,823,8,-14247
797,824,20,-24800
798,825,15,-4197
799,826,19,-5347
800,827,15,32042
801,828,19,-22684
802,829,13,27972
803,830,17,34606
804,831,9,-20338
805,832,18,-23
806,833,11,-25795
807,834,16,-11179
808,835,10,-28154
809,836,5,881
810,837,6,-24560
811,838,7,37882
812,839,5,6210
813,840,7,-27767
814,841,7,5428
815,842,12,-20100
816,843,17,-3287
817,844,8,-10613
818,845,5,15833
819,846,12,-2107
820,848,15,-12623
821,849,20,-8682
822,850,10,-15469
823,851,5,-17572
824,852,16,-21063
825,853,17,23343
826,854,5,-21962
827,855,6,-5950
828,856,15,-8803
829,857,17,-12476
830,858,10,-8409
831,859,15,-22967
832,861,10,-10141
833,863,17,-10622
834,864,18,-8041
835,865,12,1433
836,866,21,17662
837,867,4,-3509
838,868,12,-16714
839,869,9,19863
840,870,9,-19355
841,871,14,17036
842,872,6,-29323
843,873,5,-23674
844,874,17,-28022
845,875,14,-21379
846,876,21,-13375
847,877,16,-9615
848,878,8,-20376
849,879,12,5822
850,880,12,12423
851,881,6,20666
852,882,17,-23156
853,883,6,11260
854,884,16,-20213
855,885,3,12796
856,886,16,-1382
857,887,16,-12067
858,888,4,42758
859,889,10,-27338
860,890,10,-10223
861,891,19,-19882
862,892,6,-27959
863,893,14,-5717
864,894,9,-8982
865,895,14,-1795
866,896,6,5674
867,897,7,-28587
868,898,23,-15429
869,899,19,-5814
870,900,19,-25077
871,901,10,-203
872,902,17,-18766
873,903,7,-10032
874,904,16,22090
875,905,9,-29401
876,906,18,-920
877,907,9,16865
878,908,17,8146
879,909,21,-12260
880,911,10,9749
881,912,19,-11563
882,913,6,-23304
883,914,5,36286
884,915,14,-10063
885,916,16,-1762
886,917,16,-26699
887,918,16,-17259
888,919,10,-2976
889,920,9,-3170
890,921,16,-19329
891,922,16,-4212
892,923,21,-27667
893,924,7,7123
894,925,8,-779
895,926,11,-24247
896,927,19,-5853
897,928,7,-5455
898,929,19,5640
899,930,7,-11762
900,931,6,39312
901,932,22,-21740
902,934,7,-8963
903,935,14,23782
904,936,8,-2907
905,937,15,-18210
906,938,11,-23147
907,939,8,42671
908,940,8,-4405
909,941,12,21040
910,942,21,-28032
911,943,16,7253
912,944,9,1228
913,945,10,-8879
914,946,15,217
915,947,12,26655
916,948,8,-6952
917,949,4,-12029
918,950,3,-4547
919,951,17,-550
920,952,16,-24772
921,953,18,-3066
922,954,6,-21793
923,955,17,-13239
924,956,4,17819
925,957,10,7137
926,958,16,2133
927,959,9,1225
928,960,10,-18596
929,961,18,-13498
930,962,18,-1142
931,963,18,-23863
932,964,12,-24332
933,965,12,-23118
934,966,12,-17377
935,967,4,-4238
936,968,22,-19475
937,969,23,-14920
938,970,21,-11185
939,971,18,-3960
940,972,12,25245
941,973,17,-28078
942,974,5,-6329
943,975,23,-8514
944,976,20,-10060
945,977,14,-4509
946,978,18,24830
947,979,10,33961
948,980,7,-14427
949,981,14,-27947
950,982,11,-22092
951,983,2,32461
952,984,4,-6022
953,985,6,-1483
954,986,9,-3192
955,987,12,-25368
956,989,19,-17808
957,990,19,-5498
958,991,20,-23420
959,992,20,-16525
960,993,9,11471
961,994,18,310
962,995,12,27405
963,996,21,-8511
964,997,3,-4583
965,998,21,3685
966,999,4,-1904
967,1000,7,-26362
968,1001,23,-23267
969,1002,10,-16950
970,1003,21,-27253
971,1004,14,14259
972,1005,9,5747
973,1006,15,-18595
974,1007,17,-5593
975,1008,17,-18017
976,1009,10,-25053
977,1010,10,2380
978,1011,17,1386
979,1012,15,-26950
980,1013,5,-4454
981,1014,14,-7338
982,1015,13,-23059
983,1016,6,12687
984,1017,17,-9936
985,1018,12,-18323
986,1019,7,-488
987,1020,4,29558
988,1021,9,22152
989,1022,19,17618
990,1023,21,-25957
991,1024,20,7995
992,1025,4,-102
993,1026,20,-8383
994,1027,10,-15941
995,1028,6,-19174
996,1029,19,-19435
997,1030,18,-19551
998,1031,12,-18931
999,1032,5,-3009
1000,1033,19,-1577
1001,1034,6,-26235
1002,1035,10,-25943
1003,1036,23,-8004
1004,1037,14,-2936
1005,1038,5,33899
1006,1039,8,-13567
1007,1040,19,9469
1008,1041,4,-595
1009,1042,16,-19798
1010,1043,17,-8833
1011,1044,6,-20469
1012,1045,21,-8261
1013,1046,14,38102
1014,1047,12,-11106
1015,1048,20,-12691
1016,1049,14,-7299
1017,1050,19,-6287
1018,1051,11,21483
1019,1052,10,-27056
1020,1053,9,22755
1021,1054,14,-5020
1022,1055,14,-26754
1023,1056,6,10028
1024,1057,17,-11208
1025,1058,14,37376
1026,1059,19,-13953
1027,1060,7,31907
1028,1061,12,-4478
1029,1062,19,-5613
1030,1063,12,-21575
1031,1064,23,-25871
1032,1065,11,-11012
1033,1066,16,-4376
1034,1067,18,-140
1035,1068,8,-20456
1036,1069,12,34172
1037,1070,11,-1974
1038,1071,20,-12717
1039,1072,14,-398
1040,1073,7,-24778
1041,1074,12,-27077
1042,1075,15,8154
1043,1076,19,-1708
1044,1077,11,-4636
1045,1079,13,-25122
1046,1080,22,-13293
1047,1081,21,-4310
1048,1082,6,36385
1049,1083,17,20697
1050,1084,13,-7486
1051,1085,18,1587
1052,1086,15,-12474
1053,1087,16,9209
1054,1088,6,35898
1055,1089,7,-13084
1056,1090,22,-20580
1057,1091,5,-18053
1058,1092,11,18472
1059,1094,6,-11315
1060,1095,8,-13456
1061,1096,14,30732
1062,1097,18,-15851
1063,1098,21,-9829
1064,1099,20,-21907
1065,1100,17,-8701
1066,1101,18,4422
1067,1102,10,17268
1068,1103,13,-17084
1069,1105,11,-3191
1070,1106,20,-21409
1071,1107,12,36902
1072,1108,19,-16585
1073,1109,19,-23637
1074,1110,21,-9885
1075,1111,5,13457
1076,1112,4,20837
1077,1113,17,-27910
1078,1114,18,-1629
1079,1115,19,-14107
1080,1116,3,41329
1081,1117,3,27761
1082,1118,14,31201
1083,1119,14,-5466
1084,1120,14,-24300
1085,1121,6,10120
1086,1122,8,-21778
1087,1123,7,-20257
1088,1124,17,-18691
1089,1125,2,26745
1090,1126,7,-13164
1091,1127,15,-27838
1092,1128,12,-17155
1093,1129,7,-17974
1094,1130,9,-4133
1095,1131,5,-20719
1096,1132,12,-15457
1097,1133,22,-22990
1098,1134,6,-12084
1099,1135,19,11136
1100,1136,6,-1706
1101,1137,7,-10298
1102,1138,17,32146
1103,1139,4,41152
1104,1140,19,-1541
1105,1141,8,-1581
1106,1142,5,-7723
1107,1143,19,-691
1108,1144,14,2522
1109,1145,7,40595
1110,1146,20,-26371
1111,1147,20,-19477
1112,1148,11,-27199
1113,1149,3,36967
1114,1150,8,-16370
1115,1151,12,-14415
1116,1152,8,-2841
1117,1153,9,-26616
1118,1154,22,-24510
1119,1155,23,-26112
1120,1156,16,30560
1121,1157,17,-3198
1122,1158,17,-25563
1123,1159,14,-1465
1124,1160,19,-11413
1125,1161,7,-21761
1126,1162,5,25754
1127,1163,15,-4341
1128,1164,7,-11331
1129,1165,13,33851
1130,1166,21,-21995
1131,1167,8,-40
1132,1168,8,15846
1133,1169,5,-14957
1134,1170,21,-25226
1135,1171,12,-28410
1136,1172,16,142
1137,1173,19,-96
1138,1174,14,-1557
1139,1175,8,19912
1140,1176,6,-540
1141,1177,5,-17630
1142,1178,17,38942
1143,1179,10,2169
1144,1180,5,-24919
1145,1181,21,234
1146,1182,6,-3139
1147,1183,13,-2320
1148,1184,18,-19616
1149,1185,2,42916
1150,1186,5,-8920
1151,1187,18,-16458
1152,1188,14,-2939
1153,1189,19,-8623
1154,1190,20,-4571
1155,1191,9,-13187
1156,1192,14,-18085
1157,1193,14,35208
1158,1194,8,-15942
1159,1195,15,-11220
1160,1197,20,-26539
1161,1199,16,5909
1162,1200,14,-7389
1163,1201,11,-15883
1164,1202,7,26279
1165,1203,7,-27941
1166,1204,7,23345
1167,1205,14,-7033
1168,1206,14,-9869
1169,1207,10,-7272
1170,1208,9,-4526
1171,1209,13,-27778
1172,1210,20,17566
1173,1211,13,-22826
1174,1212,20,-21266
1175,1213,17,8603
1176,1214,13,-18330
1177,1215,3,7575
1178,1216,12,20962
1179,1217,13,-22699
1180,1218,15,-10266
1181,1219,16,28335
1182,1220,8,-23405
1183,1221,6,-149
1184,1222,7,-2554
1185,1223,13,-7224
1186,1224,14,38301
1187,1226,21,-5389
1188,1227,15,34746
1189,1228,18,-575
1190,1229,15,37733
1191,1230,14,28126
1192,1231,12,107
1193,1232,9,24142
1194,1233,6,-16038
1195,1234,20,-21064
1196,1235,11,-27320
1197,1236,20,-27627
1198,1237,17,-2688
1199,1238,21,-7209
1200,1239,18,20610
1201,1240,7,-16201
1202,1241,8,-13114
1203,1242,19,17
1204,1243,8,-21401
1205,1244,8,7582
1206,1245,6,-27587
1207,1246,17,-20661
1208,1247,5,24434
1209,1248,15,-21346
1210,1249,6,13284
1211,1250,7,-13376
1212,1251,19,14774
1213,1252,11,-20725
1214,1253,10,-26091
1215,1254,20,-5342
1216,1255,6,-4596
1217,1256,10,-16711
1218,1257,20,-16368
1219,1258,20,-28119
1220,1259,15,-2633
1221,1260,18,-26414
1222,1262,19,-15161
1223,1263,17,17925
1224,1264,13,37886
1225,1265,11,19677
1226,1266,12,21333
1227,1267,8,31686
1228,1268,4,2940
1229,1269,17,-21364
1230,1270,16,10912
1231,1271,9,-27522
1232,1272,15,-8221
1233,1273,20,1380
1234,1274,15,-24796
1235,1275,15,21372
1236,1276,14,-15385
1237,1277,6,-29216
1238,1278,7,1528
1239,1279,22,-10805
1240,1280,9,-17292
1241,1281,8,-27579
1242,1282,6,12901
1243,1283,19,-16810
1244,1284,13,-2552
1245,1285,19,-23566
1246,1286,8,-7019
1247,1287,19,-11434
1248,1288,7,-27767
1249,1289,13,-28157
1250,1290,13,12579
1251,1291,4,-20742
1252,1292,11,32303
1253,1293,15,16678
1254,1294,17,-1456
1255,1295,11,-18545
1256,1296,21,10993
1257,1297,7,1
1258,1298,8,-24528
1259,1299,20,-22017
1260,1300,11,-17832
1261,1301,6,-5695
1262,1302,7,-26293
1263,1303,19,-8323
1264,1304,13,29439
1265,1305,13,895
1266,1306,13,14338
1267,1307,8,-10079
1268,1308,8,-6110
1269,1309,14,-3005
1270,1310,7,-29289
1271,1311,18,-12876
1272,1312,6,-18599
1273,1314,15,-675
1274,1315,3,39910
1275,1316,12,-5471
1276,1317,18,-3111
1277,1318,15,-11171
1278,1319,16,22029
1279,1320,8,7253
1280,1321,8,-4446
1281,1322,7,-25345
1282,1323,10,-7435
1283,1325,19,1863
1284,1326,11,-21711
1285,1327,12,-28554
1286,1328,17,-24873
1287,1329,11,-2184
1288,1330,11,-332
1289,1331,11,-7263
1290,1332,14,9791
1291,1333,18,-1335
1292,1334,6,-18948
1293,1335,17,13986
1294,1336,9,-19033
1295,1337,16,5450
1296,1338,13,-4570
1297,1339,15,-6467
1298,1340,10,19442
1299,1341,13,-23059
1300,1342,9,-11714
1301,1343,17,-411
1302,1344,10,-13308
1303,1345,4,5839
1304,1346,20,1516
1305,1347,11,-833
1306,1348,13,-17118
1307,1349,9,-11780
1308,1350,4,-1930
1309,1351,13,-3043
1310,1352,18,27540
1311,1353,7,-1543
1312,1354,19,-8751
1313,1355,3,35538
1314,1356,14,-18729
1315,1357,8,-21725
1316,1358,21,-17604
1317,1359,21,-22082
1318,1360,7,-10014
1319,1361,14,104
1320,1362,7,-23643
1321,1363,21,-13738
1322,1364,17,-8538
1323,1365,17,40159
1324,1366,19,-16805
1325,1367,14,-1420
1326,1368,13,-27074
1327,1369,3,-6412
1328,1370,3,29232
1329,1371,21,-24797
1330,1372,17,-14339
1331,1373,6,-4822
1332,1374,11,-24378
1333,1375,18,-20450
1334,1376,3,42307
1335,1377,6,38005
1336,1378,16,-25157
1337,1379,18,-25241
1338,1380,17,-15299
1339,1381,14,-23745
1340,1382,17,-14953
1341,1383,15,12313
1342,1384,19,-6875
1343,1385,17,-8373
1344,1386,14,-16905
1345,1387,16,1636
1346,1388,5,4029
1347,1389,18,-16879
1348,1390,18,-11088
1349,1391,14,-15317
1350,1392,10,-1116
1351,1393,12,33487
1352,1394,9,-25353
1353,1395,4,31049
1354,1396,19,-16939
1355,1397,11,-27018
1356,1398,4,-7154
1357,1399,13,-25513
1358,1400,14,-26845
1359,1401,22,-16447
1360,1402,17,-8559
1361,1403,21,-23356
1362,1404,13,-6799
1363,1405,10,14151
1364,1406,11,90
1365,1407,21,-24992
1366,1409,20,-26322
1367,1410,21,-21975
1368,1411,23,-23275
1369,1412,10,-10670
1370,1413,18,-20660
1371,1414,3,23404
1372,1415,17,34848
1373,1416,12,34031
1374,1417,14,5094
1375,1418,7,-18907
1376,1419,9,7488
1377,1420,18,-7031
1378,1421,23,-25983
1379,1422,20,-27802
1380,1423,12,-3215
1381,1424,12,-324
1382,1425,22,-24656
1383,1426,12,-18556
1384,1427,19,7137
1385,1428,17,15064
1386,1429,17,-13928
1387,1430,9,-3208
1388,1431,20,-19446
1389,1432,18,-21981
1390,1433,4,-6184
1391,1434,7,-7467
1392,1435,9,30622
1393,1436,16,-15704
1394,1437,6,-29367
1395,1438,9,-26274
1396,1439,7,-15318
1397,1440,11,-24144
1398,1441,7,-29239
1399,1442,10,4958
1400,1443,10,-8632
1401,1444,15,-23013
1402,1445,18,-17855
1403,1446,17,-4217
1404,1447,18,39872
1405,1448,17,17803
1406,1449,9,-13092
1407,1450,13,11194
1408,1451,4,-222
1409,1452,9,31497
1410,1453,11,-24118
1411,1454,9,-25519
1412,1455,6,-27612
1413,1456,8,-8362
1414,1457,14,-15469
1415,1458,13,-9828
1416,1459,21,-16728
1417,1460,14,-22232
1418,1461,15,-6236
1419,1462,21,29
1420,1463,18,-12299
1421,1464,17,-8637
1422,1465,10,-10178
1423,1466,7,6930
1424,1467,13,-27026
1425,1468,6,-4550
1426,1470,21,-13281
1427,1472,18,-4855
1428,1473,8,-14762
1429,1474,18,-11145
1430,1475,20,6
1431,1476,16,38683
1432,1478,12,-18357
1433,1479,21,-10861
1434,1480,16,-12299
1435,1481,19,5377
1436,1482,16,-13051
1437,1483,8,18613
1438,1484,7,20875
1439,1485,19,-26104
1440,1486,6,-19006
1441,1487,13,-19868
1442,1488,12,42824
1443,1489,18,-14187
1444,1490,7,18563
1445,1491,8,-5874
1446,1492,9,-29249
1447,1493,12,5763
1448,1494,19,-16823
1449,1495,9,-13618
1450,1496,17,19522
1451,1497,12,42755
1452,1498,16,-5298
1453,1499,18,41475
1454,1500,7,-17236
1455,1501,16,29384
1456,1502,5,-19124
1457,1503,7,36004
1458,1504,20,-24928
1459,1505,14,-19737
1460,1506,2,33373
1461,1507,6,28972
1462,1508,11,-28790
1463,1509,17,-16589
1464,1510,17,-4008
1465,1511,17,-11449
1466,1512,19,-6019
1467,1513,19,-15599
1468,1514,11,-14518
1469,1515,6,-12202
1470,1516,16,-11801
1471,1517,17,-5620
1472,1519,20,-13989
1473,1520,22,-15051
1474,1521,12,41407
1475,1523,20,-16692
1476,1524,7,-10413
1477,1525,8,8604
1478,1526,15,-17044
1479,1527,10,42626
1480,1528,6,-4123
1481,1529,7,28505
1482,1530,8,-1896
1483,1531,4,39775
1484,1532,19,34906
1485,1533,5,30638
1486,1535,20,-6769
1487,1536,19,37298
1488,1537,14,-25454
1489,1538,17,-19489
1490,1539,14,-27466
1491,1540,14,28179
1492,1541,17,-8585
1493,1542,3,-21867
1494,1543,19,-22850
1495,1544,16,17760
1496,1545,23,-25983
1497,1546,9,-11589
1498,1547,5,-13204
1499,1548,12,26972
1500,1549,3,36658
1501,1550,13,-15568
1502,1551,13,-5548
1503,1552,24,-25615
1504,1553,9,-28888
1505,1554,4,14763
1506,1555,20,33050
1507,1556,18,5698
1508,1557,20,-1306
1509,1558,8,-13619
1510,1559,4,25014
1511,1560,11,-2753
1512,1561,20,-23548
1513,1562,12,-24000
1514,1563,18,11046
1515,1564,6,-4065
1516,1565,16,-9979
1517,1566,12,39753
1518,1567,12,34025
1519,1568,14,-28641
1520,1569,7,-27750
1521,1570,7,1370
1522,1571,8,-10350
1523,1572,16,-13010
1524,1573,10,-24309
1525,1574,12,1168
1526,1575,11,-430
1527,1576,7,36122
1528,1577,9,211
1529,1578,6,-27611
1530,1579,17,-6053
1531,1580,4,-16018
1532,1581,18,18049
1533,1582,19,38552
1534,1583,8,-29214
1535,1584,8,-3214
1536,1585,8,-4279
1537,1586,23,-24377
1538,1587,14,-13006
1539,1588,19,-2932
1540,1589,10,-5872
1541,1590,22,-27204
1542,1591,13,15254
1543,1592,19,9417
1544,1593,14,28292
1545,1594,19,-15315
1546,1595,21,-13497
1547,1596,18,-24248
1548,1598,12,2530
1549,1599,10,-22134
1550,1600,12,-18937
1551,1601,17,-7338
1552,1602,6,27894
1553,1603,21,-8916
1554,1604,16,-6984
1555,1605,11,-29020
1556,1606,4,-16693
1557,1607,5,-28316
1558,1608,8,-4053
1559,1609,19,12790
1560,1610,12,41159
1561,1611,15,38313
1562,1612,21,-12045
1563,1613,16,14088
1564,1614,17,-8660
1565,1615,20,-5784
1566,1616,17,-18978
1567,1617,8,-25946
1568,1618,16,-21165
1569,1619,17,2703
1570,1620,15,-17268
1571,1621,7,-10147
1572,1622,5,-17329
1573,1623,10,-10335
1574,1624,12,-26234
1575,1625,16,-5690
1576,1626,12,-19837
1577,1627,4,38157
1578,1628,7,-26523
1579,1629,13,9134
1580,1630,12,-28345
1581,1631,20,-23897
1582,1632,16,-1742
1583,1633,15,-11427
1584,1634,4,-20626
1585,1635,10,-1902
1586,1636,10,-19068
1587,1637,10,-23966
1588,1638,15,-11278
1589,1639,23,-23654
1590,1640,22,-10935
1591,1641,18,-2898
1592,1642,11,-17380
1593,1643,17,-20583
1594,1644,7,-4810
1595,1645,8,-5743
1596,1646,4,17822
1597,1647,6,-23278
1598,1648,8,7257
1599,1649,12,-14085
1600,1650,9,-21157
1601,1651,12,12815
1602,1652,6,-20393
1603,1653,7,43247
1604,1654,3,-3337
1605,1655,18,-10747
1606,1656,14,-22001
1607,1657,16,-16951
1608,1658,7,-9302
1609,1659,19,-24695
1610,1661,16,-9626
1611,1662,9,-12823
1612,1663,5,9801
1613,1664,14,38985
1614,1665,21,-7966
1615,1666,6,16924
1616,1667,17,-8428
1617,1668,11,-9006
1618,1669,20,-17888
1619,1670,4,17178
1620,1671,10,-15728
1621,1672,17,18171
1622,1673,14,-28382
1623,1674,7,-24634
1624,1675,22,-21376
1625,1676,5,10273
1626,1677,7,-8477
1627,1678,16,-25729
1628,1680,19,-7156
1629,1681,5,15666
1630,1682,14,-28188
1631,1683,17,-28316
1632,1684,21,-27255
1633,1685,18,-15471
1634,1686,5,40839
1635,1687,14,14112
1636,1688,21,-8542
1637,1689,7,-17734
1638,1690,7,-17926
1639,1691,6,-8789
1640,1692,17,38815
1641,1693,18,-14710
1642,1694,14,12298
1643,1695,22,-17839
1644,1696,3,-2153
1645,1697,10,-24682
1646,1698,18,-2132
1647,1699,6,13136
1648,1700,10,-13112
1649,1701,10,-7198
1650,1702,11,10184
1651,1703,16,-16963
1652,1704,15,15905
1653,1705,15,-14059
1654,1706,4,-19257
1655,1707,19,5139
1656,1708,8,-21733
1657,1709,18,-11243
1658,1710,11,9242
1659,1711,11,-28618
1660,1713,4,20373
1661,1714,20,-9637
1662,1715,9,-13002
1663,1716,21,-8277
1664,1717,9,-5656
1665,1718,18,27676
1666,1719,18,-25384
1667,1720,22,-16440
1668,1721,15,-17978
1669,1722,9,-7378
1670,1724,9,38842
1671,1725,20,-13852
1672,1726,8,8701
1673,1727,12,34330
1674,1728,6,-19558
1675,1729,8,-13557
1676,1730,6,-4382
1677,1731,6,-17512
1678,1732,10,-3343
1679,1733,10,-12755
1680,1734,14,13127
1681,1735,10,-6356
1682,1736,16,15605
1683,1737,10,-17591
1684,1738,7,-7336
1685,1739,7,-18402
1686,1740,7,-1680
1687,1741,18,2757
1688,1742,19,-11172
1689,1743,11,-22255
1690,1744,4,-1691
1691,1745,18,-18452
1692,1746,11,8056
1693,1747,16,-16717
1694,1748,6,-4399
1695,1749,19,-19390
1696,1750,11,-8505
1697,1751,10,-25408
1698,1752,22,-8187
1699,1753,8,1332
1700,1754,13,-28668
1701,1755,20,25190
1702,1756,11,-26922
1703,1757,19,4017
1704,1758,4,-7164
1705,1759,24,-21320
1706,1760,5,28540
1707,1761,17,-12378
1708,1762,17,-22470
1709,1763,5,-2960
1710,1764,11,-24604
1711,1765,10,-13078
1712,1766,3,11645
1713,1767,6,-7523
1714,1768,3,-13889
1715,1769,19,-23225
1716,1770,13,-13188
1717,1771,4,-2930
1718,1772,4,42135
1719,1773,17,-25588
1720,1774,22,-27417
1721,1775,5,28989
1722,1776,9,-4193
1723,1777,18,-27913
1724,1778,4,-166
1725,1779,14,28228
1726,1780,17,-2845
1727,1781,19,589
1728,1782,9,-8808
1729,1783,18,-10567
1730,1784,22,-12489
1731,1785,13,-24482
1732,1787,18,-25019
1733,1788,19,12258
1734,1789,7,-17469
1735,1790,18,20670
1736,1791,3,41527
1737,1792,14,-15789
1738,1793,11,-2946
1739,1794,19,-11263
1740,1795,13,-23172
1741,1796,19,-1585
1742,1797,18,-2597
1743,1798,4,-157
1744,1799,16,-17606
1745,1800,13,-27597
1746,1801,8,-23780
1747,1802,3,39350
1748,1803,20,-13936
1749,1804,19,196
1750,1805,15,20983
1751,1806,7,-4682
1752,1807,17,-4456
1753,1808,9,12806
1754,1809,6,-3621
1755,1810,15,34956
1756,1811,16,-25007
1757,1812,18,-19652
1758,1814,10,-15792
1759,1815,4,20496
1760,1816,16,-19657
1761,1817,15,-5363
1762,1818,18,-5753
1763,1819,19,-15167
1764,1820,19,-23396
1765,1821,5,-23692
1766,1822,13,-10232
1767,1823,4,36998
1768,1824,20,-13517
1769,1825,5,27859
1770,1826,10,-15696
1771,1827,18,62
1772,1828,19,-10470
1773,1829,10,-27629
1774,1830,15,-24045
1775,1831,19,-22500
1776,1832,21,-27148
1777,1833,20,-15286
1778,1834,11,24316
1779,1835,19,-2440
1780,1836,16,-22758
1781,1837,11,33640
1782,1838,21,6616
1783,1839,8,-19881
1784,1840,14,-5374
1785,1841,7,-27660
1786,1842,6,-25041
1787,1843,23,-20822
1788,1844,2,44226
1789,1845,6,-45
1790,1846,16,-5625
1791,1847,13,33820
1792,1848,17,10717
1793,1850,22,-1503
1794,1851,14,-3191
1795,1852,13,-6948
1796,1853,14,-5873
1797,1854,12,-16902
1798,1855,7,-15541
1799,1856,12,22625
1800,1857,19,28834
1801,1858,3,20662
1802,1859,23,-21641
1803,1860,7,-12896
1804,1861,7,-8815
1805,1862,8,-18983
1806,1863,18,-5083
1807,1864,18,36989
1808,1865,10,3833
1809,1866,23,-19302
1810,1867,12,-15357
1811,1868,8,20506
1812,1869,16,27819
1813,1870,6,-23518
1814,1871,17,25175
1815,1872,18,-21875
1816,1873,10,35780
1817,1874,9,-20227
1818,1875,7,-12755
1819,1876,20,-1094
1820,1877,17,31543
1821,1878,4,6934
1822,1879,10,25910
1823,1880,16,34115
1824,1881,5,-4802
1825,1882,8,38807
1826,1883,21,-4231
1827,1884,17,-4439
1828,1885,21,-14683
1829,1886,6,36762
1830,1887,15,3765
1831,1888,18,-26192
1832,1889,3,35217
1833,1890,20,-14010
1834,1891,16,-18305
1835,1892,11,-13194
1836,1893,12,-21189
1837,1894,12,-12900
1838,1895,8,-12708
1839,1896,18,12071
1840,1897,19,-25685
1841,1898,14,-5505
1842,1899,17,37205
1843,1900,20,-12438
1844,1901,13,36748
1845,1902,16,-26335
1846,1903,15,4275
1847,1904,13,1120
1848,1905,11,-1757
1849,1906,9,25779
1850,1907,9,-28559
1851,1908,22,-23557
1852,1909,9,-25105
1853,1911,18,-22840
1854,1913,6,-7056
1855,1914,20,-20621
1856,1915,7,33
1857,1916,8,1434
1858,1917,22,-9774
1859,1918,15,-20827
1860,1919,18,20640
1861,1920,10,30168
1862,1921,7,-18077
1863,1922,13,2675
1864,1923,17,-1320
1865,1924,3,33808
1866,1925,18,-6808
1867,1926,22,-13743
1868,1927,15,-8601
1869,1928,7,14035
1870,1929,20,-1627
1871,1930,5,-13400
1872,1931,5,10003
1873,1932,9,109
1874,1933,17,34531
1875,1934,7,21545
1876,1935,18,-4295
1877,1936,5,-16082
1878,1937,12,-20705
1879,1938,3,19532
1880,1939,12,-24679
1881,1940,21,-23071
1882,1941,11,-20106
1883,1942,9,22904
1884,1943,5,30597
1885,1944,20,4168
1886,1945,7,-6002
1887,1946,16,-958
1888,1947,17,-9820
1889,1948,14,148
1890,1949,19,-20789
1891,1950,5,-16029
1892,1951,4,-13414
1893,1952,9,-10216
1894,1953,16,-15031
1895,1955,19,-25198
1896,1956,5,30840
1897,1957,8,-20451
1898,1958,6,8446
1899,1959,15,-24154
1900,1960,7,5622
1901,1961,16,-4137
1902,1962,9,-28667
1903,1963,15,40655
1904,1964,20,-20636
1905,1965,10,-3293
1906,1966,17,39143
1907,1967,15,-6015
1908,1968,12,-8600
1909,1969,15,-10936
1910,1970,16,-12787
1911,1971,6,1360
1912,1972,6,-18988
1913,1973,19,-2836
1914,1974,20,-26451
1915,1975,7,2736
1916,1976,3,17503
1917,1977,7,-2503
1918,1978,9,-6277
1919,1979,3,23434
1920,1980,19,-9654
1921,1981,23,-26184
1922,1982,12,-4313
1923,1983,9,-8524
1924,1984,20,-4733
1925,1985,12,-15652
1926,1986,16,-19472
1927,1987,7,-28012
1928,1988,13,-1282
1929,1989,15,15766
1930,1990,16,-19052
1931,1991,6,43203
1932,1992,16,9467
1933,1993,7,-8955
1934,1994,7,-7526
1935,1995,6,-25782
1936,1996,4,-1689
1937,1998,16,-1177
1938,1999,8,-237
1939,2000,9,-18779
1940,2001,7,-20902
1941,2002,20,-25234
1942,2003,6,-23736
1943,2004,13,25109
1944,2005,8,-3324
1945,2006,8,-18777
1946,2007,11,-18373
1947,2008,5,37823
1948,2009,15,40116
1949,2010,16,-3059
1950,2011,4,32458
1951,2012,9,-17274
1952,2013,12,-24561
1953,2014,15,35101
1954,2015,13,4
1955,2016,6,-13176
1956,2018,10,-28506
1957,2019,20,67
1958,2020,10,38492
1959,2021,7,-24582
1960,2022,17,-15297
1961,2023,23,-21894
1962,2024,18,-8731
1963,2025,7,-13620
1964,2026,20,-10964
1965,2027,6,-29154
1966,2028,18,34650
1967,2029,6,-26185
1968,2030,10,-11385
1969,2031,8,-20195
1970,2032,12,-7009
1971,2033,22,-19151
1972,2034,10,-11893
1973,2035,7,-31
1974,2036,9,-13216
1975,2037,18,-11136
1976,2038,10,41007
1977,2039,18,-20594
1978,2040,5,39746
1979,2041,21,-13913
1980,2042,3,14066
1981,2043,15,1351
1982,2044,8,-13722
1983,2045,3,-715
1984,2046,18,-8477
1985,2047,12,-13003
1986,2048,6,-17793
1987,2049,6,-17640
1988,2050,11,-18206
1989,2051,7,470
1990,2052,18,-4364
1991,2053,22,-12782
1992,2054,21,-1942
1993,2055,18,31287
1994,2056,17,-7151
1995,2057,13,-4263
1996,2058,14,35666
1997,2059,5,-16388
1998,2060,12,-6515
1999,2061,13,-317
2000,2062,9,-7282
2001,2063,10,-19867
2002,2064,8,-24969
2003,2065,16,-6999
2004,2066,12,-10373
2005,2067,15,11040
2006,2068,22,-16836
2007,2069,9,-18714
2008,2070,6,35282
2009,2071,24,-27181
2010,2072,16,12464
2011,2073,16,26328
2012,2074,20,-27176
2013,2075,19,-24995
2014,2076,4,-2460
2015,2077,9,-11621
2016,2078,17,-7237
2017,2079,5,-18203
2018,2081,10,-12102
2019,2082,9,-10120
2020,2083,5,7426
2021,2084,21,-18848
2022,2085,22,-28029
2023,2086,19,-19030
2024,2087,16,-28113
2025,2088,5,-5610
2026,2089,5,-24780
2027,2090,9,-26039
2028,2091,4,-7364
2029,2092,9,8385
2030,2093,10,-10109
2031,2094,10,6409
2032,2095,20,-43
2033,2096,9,-27675
2034,2097,17,-9294
2035,2098,17,-79
2036,2099,10,16996
2037,2100,17,20604
2038,2101,7,25889
2039,2102,15,16836
2040,2103,14,-23118
2041,2104,7,-29392
2042,2105,11,5626
2043,2106,11,-8752
2044,2107,17,-4351
2045,2108,5,8582
2046,2109,11,-10091
2047,2110,7,-8202
2048,2111,13,-19822
2049,2112,17,-18366
2050,2113,12,-27188
2051,2114,21,-25964
2052,2115,8,-97
2053,2116,12,11246
2054,2117,17,-25320
2055,2118,7,-16412
2056,2119,9,-28902
2057,2120,19,-13985
2058,2121,2,44728
2059,2122,8,40545
2060,2123,14,-7508
2061,2124,21,15843
2062,2125,15,9818
2063,2126,4,27987
2064,2127,16,22030
2065,2128,10,-5655
2066,2129,17,-15702
2067,2130,12,12811
2068,2131,16,41908
2069,2132,6,-20410
2070,2133,21,-16736
2071,2134,6,35168
2072,2135,21,-2815
2073,2136,17,-7489
2074,2137,4,36690
2075,2138,4,20695
2076,2139,20,-21967
2077,2140,7,37748
2078,2141,21,-27303
2079,2142,17,23263
2080,2144,13,21094
2081,2145,15,5367
2082,2146,23,-16856
2083,2147,11,-368
2084,2148,15,-16686
2085,2150,13,5566
2086,2151,19,-27811
2087,2152,13,-21645
2088,2153,18,-4217
2089,2154,6,-26838
2090,2155,17,-18055
2091,2156,7,-4382
2092,2157,15,-340
2093,2158,11,34751
2094,2159,17,24900
2095,2160,5,29417
2096,2161,17,32759
2097,2162,4,-29866
2098,2163,12,29768
2099,2164,4,-3119
2100,2165,20,15494
2101,2166,12,-28158
2102,2167,3,25125
2103,2168,18,-19105
2104,2169,8,-179
2105,2170,17,-9334
2106,2171,13,-8339
2107,2172,9,-28941
2108,2173,14,-4472
2109,2174,2,22223
2110,2175,7,21371
2111,2176,13,-20145
2112,2177,6,-11294
2113,2178,24,-23193
2114,2179,14,6784
2115,2180,13,-26768
2116,2181,11,-27439
2117,2182,19,-5689
2118,2184,22,-6989
2119,2185,6,-1503
2120,2186,19,-11420
2121,2187,15,-9204
2122,2188,6,9834
2123,2189,4,34867
2124,2190,11,-23259
2125,2191,10,-21919
2126,2192,15,-11665
2127,2193,6,-4876
2128,2194,6,15524
2129,2195,9,-23506
2130,2196,8,-1464
2131,2197,6,-19319
2132,2198,16,40233
2133,2199,17,32215
2134,2200,5,-13660
2135,2201,10,38159
2136,2202,13,33741
2137,2203,15,-3235
2138,2204,2,35385
2139,2205,13,-20011
2140,2206,15,-11222
2141,2207,13,15261
2142,2208,15,23564
2143,2209,6,33633
2144,2210,19,27555
2145,2211,18,-23358
2146,2212,20,-25808
2147,2213,9,-21620
2148,2214,22,-7356
2149,2215,12,-4874
2150,2216,5,-179
2151,2217,6,-17639
2152,2218,21,-24637
2153,2219,5,-14032
2154,2220,10,8667
2155,2221,9,-25336
2156,2222,13,36262
2157,2223,14,-7240
2158,2224,3,20518
2159,2225,12,-10012
2160,2226,13,-7312
2161,2228,5,-6070
2162,2229,4,-90
2163,2230,4,-12107
2164,2231,23,-22894
2165,2232,8,-10037
2166,2233,11,-3090
2167,2234,19,-11247
2168,2235,7,-6477
2169,2236,20,-19258
2170,2237,17,-23203
2171,2238,2,25004
2172,2239,14,-7025
2173,2240,6,-27349
2174,2241,10,35756
2175,2242,13,-23258
2176,2243,21,-17505
2177,2244,19,-18260
2178,2245,6,20095
2179,2246,6,-17692
2180,2247,9,36009
2181,2248,17,-17791
2182,2249,3,33485
2183,2250,12,36376
2184,2251,10,-13224
2185,2252,15,-8214
2186,2253,10,-326
2187,2254,4,-21969
2188,2255,18,-19665
2189,2256,21,-15136
2190,2257,9,-17588
2191,2258,20,-20589
2192,2259,17,-15185
2193,2260,18,-10016
2194,2261,6,-16538
2195,2262,18,-26068
2196,2263,8,-10435
2197,2264,13,-5771
2198,2265,10,-26311
2199,2266,17,-5619
2200,2267,21,-15060
2201,2268,24,-23144
2202,2269,9,-21815
2203,2270,20,-2741
2204,2271,16,7251
2205,2272,22,-18978
2206,2273,8,7223
2207,2274,7,-8734
2208,2275,15,32120
2209,2276,13,-14561
2210,2277,18,-26427
2211,2278,6,39258
2212,2279,19,-1531
2213,2280,18,39856
2214,2281,16,-5887
2215,2282,13,-26885
2216,2283,14,-13712
2217,2284,19,-22090
2218,2285,20,-12246
2219,2286,5,-29594
2220,2287,7,7032
2221,2288,19,-7895
2222,2289,19,-14289
2223,2290,14,-20549
2224,2291,7,-1624
2225,2292,14,-12402
2226,2293,6,-14325
2227,2294,8,-25986
2228,2295,9,-4725
2229,2296,8,-6025
2230,2297,8,32998
2231,2298,21,-22461
2232,2299,14,27949
2233,2300,9,35877
2234,2301,7,-20856
2235,2302,13,451
2236,2303,13,-25987
2237,2304,8,-11650
2238,2305,21,-27735
2239,2306,15,1381
2240,2307,20,-23532
2241,2308,3,38600
2242,2309,8,5475
2243,2310,9,-27301
2244,2312,21,-19755
2245,2313,4,-3005
2246,2314,12,-10261
2247,2315,14,15354
2248,2316,13,-1915
2249,2317,20,-2977
2250,2318,6,-13292
2251,2319,21,-8371
2252,2320,6,-16195
2253,2321,20,-16755
2254,2322,22,-20342
2255,2323,15,23490
2256,2324,8,-21935
2257,2325,5,-5785
2258,2326,5,-9120
2259,2327,19,-12629
2260,2328,21,-8064
2261,2329,22,-21779
2262,2330,23,-25696
2263,2331,10,-10026
2264,2332,5,-15244
2265,2333,11,-11400
2266,2334,15,-8738
2267,2335,11,833
2268,2336,12,18565
2269,2337,21,-2848
2270,2338,11,-17083
2271,2339,12,19610
2272,2340,22,-17618
2273,2341,16,16651
2274,2342,8,-29101
2275,2343,17,-22108
2276,2344,23,-26924
2277,2345,11,-21414
2278,2346,13,-14334
2279,2347,22,-8891
2280,2348,21,-19252
2281,2349,11,5570
2282,2350,7,12608
2283,2351,17,19317
2284,2352,14,-24224
2285,2353,9,11117
2286,2354,18,-19338
2287,2355,10,12899
2288,2356,7,-1836
2289,2357,20,-10868
2290,2358,1,43229
2291,2359,24,-26214
2292,2360,5,-10817
2293,2361,23,-19478
2294,2362,17,-26431
2295,2363,19,-5766
2296,2364,13,-8166
2297,2365,10,-1101
2298,2367,17,-27790
2299,2369,16,-6714
2300,2370,19,-25060
2301,2371,5,231
2302,2372,14,-19008
2303,2373,5,-9984
2304,2374,6,23217
2305,2375,15,-28196
2306,2376,19,-307
2307,2377,20,16359
2308,2378,20,8336
2309,2379,9,-13418
2310,2381,7,9584
2311,2382,6,-11296
2312,2383,19,-21887
2313,2384,4,36213
2314,2385,5,-10109
2315,2386,6,-1175
2316,2387,21,-25740
2317,2388,20,-17210
2318,2389,19,-3156
2319,2390,14,-2874
2320,2391,19,-19163
2321,2392,13,-4743
2322,2393,15,-28484
2323,2394,10,6565
2324,2396,10,-24766
2325,2397,20,-5665
2326,2398,16,-5957
2327,2399,13,5443
2328,2400,6,-11904
2329,2401,7,38993
2330,2402,21,-22491
2331,2403,7,-20618
2332,2404,7,-8557
2333,2405,3,24942
2334,2406,14,-2510
2335,2407,17,-17685
2336,2408,8,-23043
2337,2409,18,41302
2338,2410,6,-4921
2339,2411,6,21301
2340,2412,7,-29321
2341,2413,10,6927
2342,2414,20,1632
2343,2415,7,-9014
2344,2416,15,-85
2345,2417,8,27728
2346,2418,20,-7132
2347,2419,11,-11912
2348,2420,20,-4416
2349,2421,10,-154
2350,2422,17,-25278
2351,2423,6,-3322
2352,2424,15,-21385
2353,2425,5,-13052
2354,2426,15,16937
2355,2427,7,6774
2356,2428,13,2275
2357,2429,21,1339
2358,2430,14,-18182
2359,2431,18,-14131
2360,2432,19,-1835
2361,2433,10,-24526
2362,2434,12,-23938
2363,2435,14,-22249
2364,2436,20,-16636
2365,2437,6,-4767
2366,2438,21,-18925
2367,2439,14,-15716
2368,2440,14,-11415
2369,2441,20,-4241
2370,2442,2,26908
2371,2443,7,-28956
2372,2444,18,-6168
2373,2445,19,-8196
2374,2446,22,-9674
2375,2447,22,-4410
2376,2448,8,25805
2377,2449,2,35542
2378,2450,5,-14762
2379,2451,9,-28750
2380,2452,7,-21831
2381,2453,5,31717
2382,2454,10,-5169
2383,2455,18,-992
2384,2456,4,-3121
2385,2457,21,-24673
2386,2458,10,-28918
2387,2459,6,-18889
2388,2460,4,-5764
2389,2461,6,-24551
2390,2462,20,-16475
2391,2463,10,11450
2392,2464,5,-620
2393,2465,11,27019
2394,2466,11,-8888
2395,2467,8,-4393
2396,2468,4,4109
2397,2469,18,-2115
2398,2470,20,-24939
2399,2471,16,-23401
2400,2472,23,-16674
2401,2473,17,-28170
2402,2474,12,14166
2403,2475,17,5117
2404,2476,16,-18197
2405,2478,8,-18908
2406,2480,9,2617
2407,2481,15,1301
2408,2482,17,-26592
2409,2483,21,-4166
2410,2484,16,-6761
2411,2485,15,-22734
2412,2486,5,12914
2413,2487,14,-10268
2414,2488,16,-18239
2415,2489,15,185
2416,2490,14,28004
2417,2491,14,21097
2418,2492,17,17822
2419,2493,10,-26878
2420,2494,8,8301
2421,2495,17,-224
2422,2496,14,-8713
2423,2497,16,-15369
2424,2498,10,-18873
2425,2499,7,-21094
2426,2500,11,-20103
2427,2501,6,-19038
2428,2502,20,-3445
2429,2503,18,-1653
2430,2504,9,-26095
2431,2505,18,-25114
2432,2506,18,-8435
2433,2507,21,-2681
2434,2508,9,32749
2435,2509,15,-12555
2436,2510,11,10132
2437,2511,14,240
2438,2512,5,-20453
2439,2513,9,-9093
2440,2514,5,-20632
2441,2515,10,-8563
2442,2516,14,37662
2443,2517,17,-10868
2444,2518,23,-12658
2445,2519,20,-7063
2446,2520,6,-5776
2447,2521,6,21751
2448,2522,12,-26913
2449,2523,4,23625
2450,2524,20,-5178
2451,2525,11,-26647
2452,2526,3,9815
2453,2527,23,-10971
2454,2528,8,38660
2455,2529,6,-14225
2456,2530,4,32534
2457,2531,6,-4608
2458,2532,20,-5666
2459,2533,10,-21668
2460,2534,15,-26578
2461,2535,12,-11601
2462,2536,15,-4093
2463,2537,3,487
2464,2538,16,-19737
2465,2539,7,35115
2466,2540,21,-1747
2467,2541,23,-11981
2468,2542,12,-632
2469,2543,22,-23444
2470,2544,20,-26419
2471,2545,20,8122
2472,2546,9,-1727
2473,2547,13,-4678
2474,2548,18,-20416
2475,2549,23,-24651
2476,2550,8,-14676
2477,2551,6,-4733
2478,2552,7,36309
2479,2553,19,20548
2480,2554,6,-7159
2481,2555,18,1206
2482,2556,7,-13543
2483,2557,19,9590
2484,2558,7,36408
2485,2559,11,-12767
2486,2560,18,-20390
2487,2561,21,-16402
2488,2562,8,18767
2489,2563,18,-5748
2490,2564,6,-11992
2491,2565,17,-12942
2492,2566,18,30567
2493,2567,9,-16021
2494,2568,13,-9754
2495,2570,19,-8177
2496,2571,10,4436
2497,2572,5,17652
2498,2573,21,-16758
2499,2574,6,-27891
2500,2575,6,-3206
2501,2576,11,-23434
2502,2577,12,36793
2503,2578,5,-17837
2504,2579,19,-23872
2505,2580,4,-10668
2506,2581,5,13035
2507,2582,10,19851
2508,2583,12,-28615
2509,2585,6,-14436
2510,2586,11,39865
2511,2587,14,26408
2512,2588,14,31190
2513,2589,9,-5642
2514,2590,11,-23874
2515,2591,14,9807
2516,2592,17,-21633
2517,2593,13,-20011
2518,2594,20,-18436
2519,2595,6,25869
2520,2596,9,-13236
2521,2597,17,-27988
2522,2598,9,-17947
2523,2599,22,-16528
2524,2600,17,-3581
2525,2601,16,-19638
2526,2602,10,-16202
2527,2603,16,-24002
2528,2604,15,-11624
2529,2605,9,11473
2530,2606,18,-1301
2531,2607,5,-10416
2532,2608,13,32521
2533,2609,14,39401
2534,2610,20,-1334
2535,2611,17,-1664
2536,2612,19,-7128
2537,2613,10,113
2538,2614,12,3269
2539,2615,7,40534
2540,2616,6,-27808
2541,2617,16,-19748
2542,2618,20,-26039
2543,2619,19,33897
2544,2620,7,-16405
2545,2621,19,-14059
2546,2622,19,-2712
2547,2623,8,-26069
2548,2624,13,-25804
2549,2625,8,-27834
2550,2626,19,30055
2551,2627,14,-2875
2552,2628,14,-25417
2553,2629,8,-1744
2554,2630,8,-11670
2555,2631,6,-21912
2556,2632,12,25767
2557,2633,12,-4488
2558,2634,16,-11651
2559,2635,7,35222
2560,2636,6,-22926
2561,2637,14,194
2562,2638,12,15451
2563,2639,8,-14554
2564,2640,6,-26581
2565,2641,19,-27689
2566,2642,9,115
2567,2643,19,222
2568,2644,7,-1690
2569,2645,10,20218
2570,2646,17,304
2571,2647,6,-17436
2572,2648,3,40755
2573,2649,17,2806
2574,2650,23,-22959
2575,2651,16,-706
2576,2652,20,-2445
2577,2653,11,-2612
2578,2654,15,-19487
2579,2655,16,40116
2580,2656,13,-8922
2581,2657,13,-16927
2582,2658,13,-2774
2583,2659,18,-9024
2584,2660,7,-4568
2585,2661,11,-13211
2586,2662,12,-18633
2587,2663,8,35831
2588,2664,5,-16017
2589,2665,14,-11440
2590,2666,9,-24628
2591,2667,16,-26916
2592,2668,16,-25041
2593,2669,4,5478
2594,2670,19,-6923
2595,2671,21,-15162
2596,2672,11,25519
2597,2673,23,-25650
2598,2674,15,22302
2599,2675,16,-7182
2600,2676,14,-10534
2601,2677,21,-6636
2602,2678,5,-4550
2603,2679,5,-29583
2604,2680,10,18466
2605,2681,15,-22354
2606,2682,18,-21306
2607,2683,12,8329
2608,2684,21,-17927
2609,2685,18,6710
2610,2686,18,20916
2611,2687,7,-23540
2612,2688,12,-10832
2613,2689,10,28133
2614,2690,15,-22631
2615,2691,8,-267
2616,2692,22,-2555
2617,2693,13,-7231
2618,2694,17,37869
2619,2695,10,-23987
2620,2696,17,-5826
2621,2698,20,39
2622,2699,16,37640
2623,2700,5,28978
2624,2701,11,73
2625,2702,11,23873
2626,2703,14,-15597
2627,2704,21,-20623
2628,2705,5,-27631
2629,2706,18,-28105
2630,2707,4,-3261
2631,2709,6,21624
2632,2711,11,-13044
2633,2712,12,88
2634,2713,11,-22092
2635,2714,11,6998
2636,2715,7,-27744
2637,2716,11,-21686
2638,2717,7,24423
2639,2718,5,-22079
2640,2719,10,12708
2641,2720,13,-12804
2642,2721,19,15500
2643,2722,14,-19874
2644,2723,11,-26011
2645,2724,10,-6006
2646,2725,7,-4472
2647,2726,18,-17107
2648,2727,6,-17422
2649,2728,10,-28697
2650,2729,14,-3230
2651,2730,19,-26558
2652,2731,18,17843
2653,2732,11,-15538
2654,2733,15,18261
2655,2734,8,38518
2656,2735,12,19671
2657,2736,15,20727
2658,2738,4,3150
2659,2739,19,-21120
2660,2740,4,11604
2661,2741,22,-26257
2662,2742,15,-8354
2663,2743,15,1463
2664,2744,21,-24955
2665,2745,4,22363
2666,2746,9,-15908
2667,2747,11,-28618
2668,2748,19,1509
2669,2749,9,-11468
2670,2750,11,-17662
2671,2751,16,-26921
2672,2752,9,12460
2673,2753,13,-16986
2674,2754,7,-3058
2675,2755,10,-24364
2676,2756,14,-7137
2677,2757,13,-11554
2678,2758,6,-27767
2679,2759,22,-26855
2680,2760,20,12830
2681,2761,21,-19370
2682,2762,16,31918
2683,2763,18,16429
2684,2764,17,-1443
2685,2765,21,-18044
2686,2766,9,11395
2687,2767,22,-524
2688,2768,12,-24251
2689,2769,7,-23333
2690,2770,7,-19274
2691,2771,7,-6209
2692,2772,14,-25314
2693,2773,9,-8853
2694,2774,2,31115
2695,2775,16,1083
2696,2776,5,14953
2697,2777,14,-10470
2698,2778,13,-5371
2699,2779,12,-3249
2700,2780,19,-27939
2701,2781,5,-13236
2702,2782,9,-18701
2703,2783,4,31495
2704,2784,20,-389
2705,2785,16,37994
2706,2786,6,-6107
2707,2787,16,-3423
2708,2788,14,-11506
2709,2789,2,23813
2710,2790,11,7490
2711,2791,19,-4233
2712,2792,19,-23412
2713,2793,7,-7746
2714,2794,17,2612
2715,2795,16,931
2716,2796,18,-20473
2717,2797,22,-27083
2718,2798,20,-24581
2719,2799,20,-1600
2720,2800,4,272
2721,2801,17,-6994
2722,2802,5,9643
2723,2803,12,-1375
2724,2804,18,-17629
2725,2805,13,14093
2726,2806,13,-18263
2727,2807,16,5423
2728,2808,21,-3966
2729,2809,11,-6305
2730,2810,10,20104
2731,2811,18,-22328
2732,2812,14,-11437
2733,2813,4,-270
2734,2814,20,-12699
2735,2815,9,5444
2736,2816,6,1189
2737,2817,15,-1812
2738,2818,4,-17874
2739,2819,11,-11631
2740,2820,13,-1057
2741,2821,8,-3223
2742,2822,20,27791
2743,2823,7,-1352
2744,2824,15,-8401
2745,2825,20,33215
2746,2826,6,-19162
2747,2827,18,-21038
2748,2828,19,-18398
2749,2829,15,-22157
2750,2830,14,-10245
2751,2831,14,-171
2752,2832,11,-22775
2753,2833,13,-13957
2754,2834,14,-9167
2755,2835,14,41236
2756,2836,7,-16912
2757,2837,6,-1654
2758,2838,9,-27204
2759,2839,21,-5807
2760,2840,9,28024
2761,2841,20,-24927
2762,2842,21,-13428
2763,2843,7,-4422
2764,2844,19,-23807
2765,2845,16,-21219
2766,2846,14,40597
2767,2847,4,38300
2768,2848,6,-26014
2769,2849,17,-25398
2770,2850,10,-16077
2771,2851,6,-25227
2772,2852,21,-14741
2773,2853,10,13141
2774,2854,20,-6788
2775,2855,13,-8205
2776,2856,7,-17129
2777,2857,7,1557
2778,2858,7,4219
2779,2859,7,-17293
2780,2860,9,-11670
2781,2861,18,-15950
2782,2862,11,-1535
2783,2863,8,34125
2784,2864,19,-24830
2785,2865,14,28854
2786,2866,20,-16896
2787,2867,14,-26449
2788,2868,9,-7215
2789,2869,19,-24684
2790,2870,7,-27791
2791,2871,11,-16965
2792,2872,6,-9121
2793,2873,23,-23618
2794,2874,4,-7065
2795,2875,11,14154
2796,2877,12,-25597
2797,2878,12,29509
2798,2879,17,-26317
2799,2880,10,-23183
2800,2881,24,-23068
2801,2882,15,-10180
2802,2883,10,-21323
2803,2884,4,23294
2804,2885,12,35633
2805,2886,4,35158
2806,2887,19,5415
2807,2888,11,-18456
2808,2889,19,6708
2809,2890,18,-6957
2810,2891,15,-26682
2811,2892,13,-28167
2812,2893,5,-3077
2813,2894,14,239
2814,2895,21,-24907
2815,2896,10,-18927
2816,2897,11,6781
2817,2898,13,15181
2818,2900,11,-2918
2819,2901,4,-20941
2820,2902,10,-23473
2821,2903,11,-5503
2822,2904,10,-7167
2823,2905,17,29318
2824,2906,17,-14955
2825,2907,6,-29689
2826,2908,13,-25406
2827,2909,20,-13562
2828,2910,9,-24790
2829,2911,12,-28800
2830,2912,8,5170
2831,2913,17,-8661
2832,2914,16,-22457
2833,2915,14,-18506
2834,2916,5,-4760
2835,2917,19,39905
2836,2918,11,18702
2837,2919,8,-13122
2838,2920,19,10936
2839,2921,8,174
2840,2922,15,30528
2841,2923,9,-24327
2842,2924,13,-25448
2843,2925,12,-27257
2844,2927,17,-14828
2845,2928,6,-9965
2846,2929,23,-16933
2847,2930,5,-23644
2848,2931,4,-6092
2849,2932,15,-56
2850,2933,16,-13070
2851,2934,18,-7847
2852,2935,6,-10303
2853,2936,20,6951
2854,2937,23,-26129
2855,2938,8,-4184
2856,2939,6,21694
2857,2940,5,-14501
2858,2941,18,-8139
2859,2942,12,-4336
2860,2943,11,-14217
2861,2944,17,-10955
2862,2945,13,-410
2863,2946,11,40097
2864,2947,13,-15765
2865,2948,21,-17542
2866,2949,6,-11407
2867,2950,7,-13401
2868,2951,6,5845
2869,2952,13,-13251
2870,2953,9,18188
2871,2954,5,20710
2872,2955,23,-26318
2873,2956,11,-18661
2874,2957,17,-19685
2875,2958,3,44192
2876,2959,15,-13726
2877,2960,3,18979
2878,2961,12,-6565
2879,2962,20,-27896
2880,2963,21,4665
2881,2964,22,-16263
2882,2965,22,-12327
2883,2966,20,19138
2884,2967,7,43483
2885,2968,20,-5450
2886,2969,16,42122
2887,2970,13,-17376
2888,2971,5,31162
2889,2972,15,-18348
2890,2973,18,34695
2891,2974,12,-25724
2892,2975,7,-20540
2893,2976,15,31794
2894,2977,12,28743
2895,2978,21,-27021
2896,2979,18,-17144
2897,2980,8,-4499
2898,2981,14,-11552
2899,2982,11,-5734
2900,2983,11,-15455
2901,2984,12,-14709
2902,2985,12,-11462
2903,2986,8,-11527
2904,2987,3,-6021
2905,2988,18,-2513
2906,2989,11,-15057
2907,2990,23,-15237
2908,2991,7,41971
2909,2992,15,15328
2910,2993,9,-17009
2911,2994,16,-9913
2912,2995,8,8790
2913,2996,8,-18010
2914,2997,10,42872
2915,2998,18,-4548
2916,2999,12,28203
2917,3000,19,-1304
2918,3001,5,39252
2919,3002,10,36148
2920,3003,8,30301
2921,3004,14,-19510
2922,3005,18,-7045
2923,3006,9,39087
2924,3007,24,-24376
2925,3008,11,-20297
2926,3009,16,-26880
2927,3010,14,28344
2928,3011,16,-8649
2929,3012,10,-21501
2930,3013,19,-23343
2931,3014,15,18113
2932,3015,8,-27387
2933,3016,22,-11008
2934,3017,17,-12788
2935,3018,5,27598
2936,3019,12,35524
2937,3020,5,-15964
2938,3021,9,-5970
2939,3022,15,-26434
2940,3023,11,-28262
2941,3024,12,13968
2942,3026,14,5180
2943,3027,18,-1320
2944,3028,10,-12585
2945,3029,11,23960
2946,3030,9,-3262
2947,3031,19,-23247
2948,3032,13,-24254
2949,3033,10,11003
2950,3034,18,-4004
2951,3035,19,-9730
2952,3036,10,40253
2953,3037,18,33469
2954,3038,9,-29204
2955,3039,6,-28143
2956,3040,14,1029
2957,3041,22,-9590
2958,3042,19,-12694
2959,3043,22,-23326
2960,3044,9,1500
2961,3045,11,-243
2962,3046,9,35458
2963,3047,19,211
2964,3048,10,-27366
2965,3049,13,-5468
2966,3050,9,-15682
2967,3051,13,17978
2968,3052,1,41330
2969,3053,6,-29587
2970,3054,4,-3532
2971,3055,4,-4324
2972,3056,15,-25252
2973,3057,14,-12561
2974,3058,10,-2559
2975,3059,15,-5746
2976,3060,5,-28869
2977,3061,17,15493
2978,3062,6,10247
2979,3063,2,29553
2980,3065,18,-14274
2981,3066,8,-24691
2982,3067,14,-22698
2983,3068,15,2399
2984,3069,16,-21349
2985,3070,14,-18275
2986,3071,3,-7008
2987,3072,6,27085
2988,3073,14,-8166
2989,3074,15,-7188
2990,3075,20,-27722
2991,3076,14,-16301
2992,3077,23,-25830
2993,3078,5,-4464
2994,3079,16,12524
2995,3080,19,39997
2996,3081,7,38871
2997,3082,9,-12516
2998,3083,4,14374
2999,3084,22,-7729
3000,3085,12,-6065
3001,3087,14,-25460
3002,3088,12,-21567
3003,3089,16,2767
3004,3090,7,-17647
3005,3091,9,-10187
3006,3092,7,-17568
3007,3093,5,-10150
3008,3094,13,-25533
3009,3095,13,-6058
3010,3096,16,-19471
3011,3097,8,37994
3012,3098,17,-25162
3013,3099,15,8203
3014,3100,17,-27871
3015,3101,20,-23425
3016,3102,7,-1470
3017,3103,16,-11553
3018,3104,21,-19264
3019,3105,13,-1179
3020,3106,9,-18677
3021,3107,21,-23095
3022,3108,19,-10895
3023,3109,20,-23631
3024,3110,9,-11655
3025,3111,9,-3223
3026,3112,18,-17013
3027,3113,10,-21809
3028,3114,13,-4264
3029,3116,7,17225
3030,3117,18,-22110
3031,3118,8,6954
3032,3119,10,-14734
3033,3120,11,-21546
3034,3122,12,-19926
3035,3123,15,42178
3036,3124,21,-2857
3037,3125,10,-11571
3038,3126,16,-22060
3039,3127,12,-17583
3040,3128,20,-8102
3041,3129,10,-26209
3042,3130,10,-28679
3043,3131,16,-9501
3044,3132,10,-13519
3045,3133,4,9957
3046,3134,18,38646
3047,3135,18,-8915
3048,3136,12,16646
3049,3137,18,-8075
3050,3138,20,-8177
3051,3139,8,-18981
3052,3140,14,16876
3053,3141,21,-15744
3054,3142,20,17665
3055,3143,13,-28598
3056,3144,20,-23556
3057,3145,7,-23527
3058,3146,17,9623
3059,3147,15,-8574
3060,3148,16,-24702
3061,3149,4,-4214
3062,3150,13,-7109
3063,3151,12,15205
3064,3152,9,-29197
3065,3153,21,-27558
3066,3154,16,-27936
3067,3155,8,-16256
3068,3156,2,41528
3069,3157,7,14835
3070,3158,9,-8611
3071,3159,21,-16569
3072,3160,12,-17063
3073,3161,18,-8366
3074,3162,12,39575
3075,3163,7,-15921
3076,3164,5,13606
3077,3165,14,-18203
3078,3166,15,-1603
3079,3167,12,-24094
3080,3168,9,-1691
3081,3169,5,13465
3082,3170,10,-12370
3083,3171,21,-7219
3084,3172,12,9635
3085,3173,7,-17739
3086,3174,11,15025
3087,3175,12,-14148
3088,3176,8,-18676
3089,3177,11,5749
3090,3178,19,-20640
3091,3179,9,-12143
3092,3180,7,10214
3093,3181,20,-27670
3094,3182,10,-10112
3095,3183,6,20409
3096,3184,12,-9793
3097,3185,7,-13032
3098,3186,5,-9147
3099,3187,19,-5596
3100,3188,18,27477
3101,3189,16,-24885
3102,3190,8,-17418
3103,3191,16,-18590
3104,3192,22,-7189
3105,3193,19,-22159
3106,3194,10,38535
3107,3195,6,-14944
3108,3196,5,8472
3109,3197,18,32795
3110,3198,20,-17659
3111,3199,20,-12776
3112,3200,13,-4654
3113,3201,17,-16666
3114,3202,15,-3275
3115,3203,20,-12364
3116,3204,13,12510
3117,3205,11,-6383
3118,3206,13,15612
3119,3207,19,-16925
3120,3208,21,-6748
3121,3209,12,-18968
3122,3210,17,-1777
3123,3211,11,2548
3124,3212,21,-11112
3125,3213,17,-21105
3126,3214,21,-1847
3127,3215,5,-19202
3128,3216,6,8815
3129,3217,15,-16835
3130,3218,11,-4054
3131,3219,18,-19631
3132,3220,21,-8342
3133,3221,13,-25322
3134,3222,16,-8510
3135,3223,7,1376
3136,3224,11,-28520
3137,3225,9,25688
3138,3226,17,-26708
3139,3227,5,4005
3140,3228,7,-7020
3141,3229,8,-22661
3142,3230,15,27195
3143,3231,20,-12564
3144,3232,19,-22136
3145,3233,20,-2493
3146,3234,20,-23355
3147,3235,7,-12903
3148,3236,6,11620
3149,3237,19,-7110
3150,3238,8,-13253
3151,3239,13,-24433
3152,3240,18,-12206
3153,3241,14,-3172
3154,3242,4,42495
3155,3243,12,-25987
3156,3244,15,-28254
3157,3245,10,28894
3158,3246,6,-4356
3159,3247,17,-28101
3160,3248,6,142
3161,3249,17,28126
3162,3250,9,-3468
3163,3251,15,345
3164,3252,18,-8183
3165,3253,6,-11822
3166,3254,21,-12127
3167,3255,19,-23607
3168,3256,20,-25426
3169,3257,11,-25503
3170,3258,20,12320
3171,3259,14,-16534
3172,3260,8,22039
3173,3261,12,39708
3174,3263,14,-3146
3175,3264,10,-12151
3176,3265,15,-23124
3177,3266,17,-1304
3178,3267,17,-2848
3179,3268,5,-363
3180,3269,11,-17057
3181,3270,14,-26764
3182,3271,20,-21798
3183,3272,15,37355
3184,3273,18,-13358
3185,3274,6,-655
3186,3275,11,21934
3187,3276,10,-4623
3188,3277,19,-4490
3189,3278,17,12776
3190,3279,20,-2967
3191,3280,9,36011
3192,3281,8,-25435
3193,3282,5,-20750
3194,3283,13,-169
3195,3284,12,-15692
3196,3285,10,19539
3197,3286,8,-20375
3198,3287,15,-5530
3199,3288,11,-6061
3200,3289,7,-16092
3201,3290,21,-23569
3202,3291,22,-22196
3203,3292,6,-10348
3204,3293,17,34476
3205,3294,18,-13865
3206,3295,18,26206
3207,3297,18,224
3208,3298,17,-9860
3209,3299,12,-26987
3210,3300,14,-24251
3211,3301,12,-22888
3212,3302,14,-28416
3213,3303,19,-15076
3214,3304,15,23633
3215,3305,8,-2616
3216,3306,20,-22093
3217,3307,2,35658
3218,3308,9,7100
3219,3309,23,-19129
3220,3310,13,-5958
3221,3311,15,-27054
3222,3312,21,-22771
3223,3313,5,-21782
3224,3314,2,43883
3225,3315,8,-148
3226,3316,11,-5429
3227,3317,4,35252
3228,3318,11,11120
3229,3319,6,28491
3230,3320,13,-1673
3231,3321,21,-2737
3232,3322,17,-7230
3233,3323,20,-5791
3234,3324,5,-17378
3235,3325,11,-14314
3236,3326,20,22052
3237,3327,16,29203
3238,3328,14,19291
3239,3329,17,-22527
3240,3330,13,-13224
3241,3331,6,-9293
3242,3332,10,-18750
3243,3333,20,-5286
3244,3334,8,38696
3245,3335,8,4963
3246,3336,9,-19818
3247,3337,18,-15172
3248,3338,11,19921
3249,3339,3,29510
3250,3341,20,24389
3251,3342,19,-22262
3252,3343,6,35926
3253,3344,17,-19636
3254,3345,16,-12883
3255,3346,8,-1686
3256,3347,2,34404
3257,3348,6,7169
3258,3349,18,24843
3259,3350,15,33607
3260,3351,12,-4335
3261,3352,15,37906
3262,3353,14,-4198
3263,3354,4,-4620
3264,3355,23,-14697
3265,3356,13,36081
3266,3357,12,4587
3267,3358,8,-27892
3268,3359,10,34145
3269,3360,7,-14572
3270,3361,11,-18373
3271,3362,16,-13263
3272,3363,19,-20669
3273,3364,18,-12797
3274,3365,6,-13665
3275,3366,8,12431
3276,3367,18,-26278
3277,3368,4,-6265
3278,3369,7,38403
3279,3370,7,-13224
3280,3371,5,38223
3281,3372,12,-27266
3282,3373,21,4011
3283,3374,9,1276
3284,3375,9,-1361
3285,3376,6,26133
3286,3377,7,-28905
3287,3378,16,-23463
3288,3379,15,-23665
3289,3380,6,-5913
3290,3381,20,-22397
3291,3382,23,-13960
3292,3383,19,-7433
3293,3384,11,-21227
3294,3385,18,-41
3295,3386,16,1041
3296,3387,12,-9563
3297,3389,9,21641
3298,3390,4,30437
3299,3391,21,-16169
3300,3392,4,2783
3301,3393,16,-1748
3302,3394,10,33224
3303,3395,20,-7241
3304,3396,5,-14598
3305,3397,8,-8980
3306,3398,12,13812
3307,3399,6,-2090
3308,3400,6,-13259
3309,3401,7,10143
3310,3402,8,37
3311,3403,15,34860
3312,3404,16,20682
3313,3405,16,-4516
3314,3406,7,-15791
3315,3407,18,-19714
3316,3408,10,18829
3317,3409,8,-24564
3318,3410,12,-23920
3319,3411,22,-19187
3320,3412,18,22054
3321,3413,13,29911
3322,3414,17,4316
3323,3415,5,-6176
3324,3416,7,-1569
3325,3417,7,-10120
3326,3418,6,179
3327,3419,23,-20513
3328,3420,14,-15473
3329,3421,20,-11903
3330,3422,21,-9588
3331,3423,10,-16238
3332,3424,17,45
3333,3425,13,-25151
3334,3426,15,29661
3335,3427,19,-19452
3336,3428,14,8301
3337,3429,13,-24157
3338,3430,14,5601
3339,3431,10,-4305
3340,3432,14,-28149
3341,3433,3,42733
3342,3434,14,-21487
3343,3435,5,-3046
3344,3436,6,40728
3345,3437,10,-6138
3346,3438,9,-8962
3347,3439,7,-12032
3348,3440,15,-12645
3349,3441,17,1469
3350,3442,14,-18598
3351,3443,7,-3325
3352,3444,17,-26933
3353,3445,10,2805
3354,3446,14,17013
3355,3447,19,-3040
3356,3448,21,-5676
3357,3449,10,22595
3358,3450,5,-10607
3359,3451,6,-27962
3360,3452,15,-4154
3361,3453,7,-9052
3362,3454,9,-5793
3363,3455,13,-15404
3364,3456,17,-19136
3365,3457,14,-26879
3366,3458,20,-1595
3367,3459,17,14963
3368,3460,11,-20132
3369,3461,8,43128
3370,3462,19,9569
3371,3463,16,-8797
3372,3464,19,-6787
3373,3465,8,-26229
3374,3466,8,-1426
3375,3467,20,-9485
3376,3468,8,-1522
3377,3469,13,-229
3378,3470,16,-18568
3379,3471,12,-20535
3380,3472,6,-26686
3381,3473,11,-23455
3382,3474,10,25954
3383,3475,8,-3375
3384,3476,12,-18205
3385,3477,21,-18267
3386,3478,12,37172
3387,3479,8,42408
3388,3480,13,-2535
3389,3481,3,32344
3390,3482,14,-16783
3391,3483,16,-23874
3392,3484,14,35266
3393,3485,6,232
3394,3486,9,-13299
3395,3487,15,-25803
3396,3488,20,-27470
3397,3489,20,-188
3398,3490,7,38939
3399,3491,23,-22696
3400,3492,22,-15036
3401,3493,19,-22324
3402,3494,15,-8460
3403,3495,20,-12703
3404,3496,12,-11778
3405,3497,19,-27380
3406,3498,2,36457
3407,3499,20,-24949
3408,3500,12,-11534
3409,3501,20,-19417
3410,3502,12,-7323
3411,3503,22,-18931
3412,3504,11,-11191
3413,3505,14,-364
3414,3506,16,-12813
3415,3507,22,-10942
3416,3508,5,42348
3417,3509,15,-21234
3418,3510,10,38262
3419,3511,8,-14418
3420,3512,8,14122
3421,3513,14,1269
3422,3514,18,-12204
3423,3515,20,-473
3424,3516,10,-9247
3425,3517,16,-12889
3426,3518,17,-16873
3427,3519,11,-17658
3428,3520,14,-18191
3429,3521,20,623
3430,3522,20,-4156
3431,3523,22,-12110
3432,3524,15,-998
3433,3525,4,34256
3434,3526,16,-7502
3435,3528,3,36241
3436,3529,15,-15393
3437,3530,11,-6928
3438,3531,9,-638
3439,3532,17,-7177
3440,3533,9,-20347
3441,3536,17,-9695
3442,3537,13,11062
3443,3538,20,-16150
3444,3539,17,-18430
3445,3540,2,35575
3446,3541,8,-28665
3447,3542,8,13072
3448,3543,4,27504
3449,3544,17,-28115
3450,3545,15,-25413
3451,3546,3,-3083
3452,3547,5,-12072
3453,3548,6,-7250
3454,3549,14,-16906
3455,3550,15,-11730
3456,3551,14,-12077
3457,3552,9,-10086
3458,3553,4,7053
3459,3554,13,-19955
3460,3555,22,-27096
3461,3556,11,-19947
3462,3557,14,-28095
3463,3558,4,-5905
3464,3559,20,-23461
3465,3560,12,-25358
3466,3561,5,-7633
3467,3562,4,8734
3468,3563,6,-10472
3469,3564,21,5483
3470,3565,10,-263
3471,3566,21,-25757
3472,3567,19,-9471
3473,3568,6,102
3474,3569,14,16616
3475,3570,10,20821
3476,3571,8,26079
3477,3572,13,16337
3478,3573,7,-25071
3479,3574,6,-29104
3480,3575,11,5741
3481,3576,17,-8726
3482,3577,6,-4540
3483,3578,12,8658
3484,3579,23,-9519
3485,3580,20,-8692
3486,3581,18,-19967
3487,3582,19,-18280
3488,3583,20,-26803
3489,3584,18,-26660
3490,3585,10,-300
3491,3586,15,10663
3492,3587,6,-26780
3493,3588,10,-16298
3494,3589,12,-28536
3495,3590,21,-13549
3496,3591,7,43076
3497,3592,10,39625
3498,3593,8,-7630
3499,3594,4,17773
3500,3595,13,9812
3501,3596,17,26626
3502,3597,13,22341
3503,3598,9,-6239
3504,3599,18,-15493
3505,3600,7,12999
3506,3601,13,42600
3507,3602,10,-20028
3508,3603,12,-17407
3509,3604,16,33593
3510,3605,16,-2909
3511,3606,4,-7429
3512,3607,16,34651
3513,3608,18,19196
3514,3609,18,-22280
3515,3610,14,36637
3516,3611,15,-28182
3517,3612,12,23962
3518,3613,21,-13940
3519,3614,15,21280
3520,3615,8,5887
3521,3616,12,-16425
3522,3617,12,216
3523,3618,22,-16323
3524,3619,13,-28363
3525,3620,19,5530
3526,3621,22,-27396
3527,3622,14,-21697
3528,3623,7,-4345
3529,3624,17,-25112
3530,3625,15,-18452
3531,3626,11,-4392
3532,3627,12,-60
3533,3628,2,35295
3534,3629,16,24932
3535,3630,16,28481
3536,3631,14,33253
3537,3632,23,-27451
3538,3633,18,29196
3539,3634,4,-3110
3540,3635,19,14733
3541,3636,17,-27593
3542,3637,14,23814
3543,3638,11,-20222
3544,3639,20,-746
3545,3640,11,-10930
3546,3641,17,-8365
3547,3642,18,-27669
3548,3643,8,-4561
3549,3644,3,22561
3550,3645,3,22319
3551,3646,5,-20593
3552,3647,21,-10778
3553,3648,6,-24038
3554,3649,14,7135
3555,3650,8,-28031
3556,3651,22,-25639
3557,3652,18,-5440
3558,3653,15,-12896
3559,3654,10,-7395
3560,3656,6,-11138
3561,3657,10,-8362
3562,3658,10,9455
3563,3659,17,33166
3564,3660,17,-22688
3565,3661,16,-20700
3566,3662,11,-11873
3567,3663,6,-4346
3568,3664,7,15511
3569,3665,10,-22401
3570,3666,11,-1579
3571,3667,23,-17966
3572,3668,1,43087
3573,3669,16,31862
3574,3670,22,-12729
3575,3671,1,39891
3576,3672,8,34574
3577,3673,20,-3085
3578,3674,2,35204
3579,3675,20,-19550
3580,3676,9,-11731
3581,3677,17,15807
3582,3678,8,23941
3583,3679,7,33266
3584,3680,10,28731
3585,3681,9,-24898
3586,3683,19,-21084
3587,3684,15,-6795
3588,3685,14,-4124
3589,3686,12,-42
3590,3687,11,-17152
3591,3688,13,-25361
3592,3689,22,-11739
3593,3690,11,8548
3594,3691,11,-25668
3595,3692,19,35394
3596,3693,13,-7186
3597,3694,13,19491
3598,3695,15,-10387
3599,3696,6,-7771
3600,3697,19,-9869
3601,3698,6,-5853
3602,3699,14,63
3603,3700,7,-12246
3604,3701,23,-23290
3605,3702,5,-10822
3606,3703,5,-2790
3607,3704,14,-11173
3608,3705,15,-5968
3609,3706,16,-19302
3610,3707,11,-23962
3611,3708,10,24378
3612,3709,22,-6647
3613,3710,19,-26168
3614,3711,14,35262
3615,3712,8,-23206
3616,3713,16,-18465
3617,3714,11,-18791
3618,3715,9,19607
3619,3716,20,-16523
3620,3717,17,34277
3621,3718,15,-18601
3622,3719,5,33257
3623,3720,15,36530
3624,3721,5,-13639
3625,3722,5,-8694
3626,3723,10,67
3627,3724,20,-20697
3628,3725,23,-19105
3629,3726,18,-15777
3630,3727,21,-16300
3631,3728,12,-21845
3632,3729,17,-15582
3633,3730,21,-9303
3634,3731,18,-15654
3635,3732,21,-25828
3636,3733,10,-10415
3637,3734,17,-5941
3638,3735,17,-26415
3639,3736,9,-6531
3640,3737,13,-15746
3641,3738,23,-22414
3642,3739,16,-21409
3643,3740,6,-3074
3644,3741,8,7365
3645,3742,7,-20798
3646,3743,10,6852
3647,3744,7,-8611
3648,3745,17,31982
3649,3746,15,-14200
3650,3747,22,-25491
3651,3748,13,37657
3652,3749,16,-1915
3653,3750,10,40974
3654,3751,20,-5595
3655,3752,20,-25907
3656,3753,6,-14521
3657,3754,22,-22027
3658,3755,17,-12256
3659,3756,20,-27859
3660,3757,10,6494
3661,3758,22,-8475
3662,3759,6,-14802
3663,3760,14,-20775
3664,3761,9,-1437
3665,3762,22,-12729
3666,3763,17,-13712
3667,3764,14,-25955
3668,3765,22,-4229
3669,3766,13,-5741
3670,3767,3,33811
3671,3768,11,-23050
3672,3769,1,29441
3673,3770,4,36757
3674,3771,8,-20439
3675,3772,12,-252
3676,3773,18,-25267
3677,3774,18,-11186
3678,3775,6,-28884
3679,3776,6,1294
3680,3777,22,-23580
3681,3778,6,38075
3682,3780,10,-27446
3683,3781,21,5506
3684,3782,14,-19731
3685,3783,8,-2858
3686,3784,7,-10279
3687,3785,3,16168
3688,3786,5,-1385
3689,3787,18,-2726
3690,3788,20,-12215
3691,3789,21,-8097
3692,3790,14,-15477
3693,3791,11,-17270
3694,3792,22,-20461
3695,3793,4,24965
3696,3794,8,-22023
3697,3795,5,-6284
3698,3796,12,-8873
3699,3797,12,-13132
3700,3798,19,-8600
3701,3799,6,-23395
3702,3800,8,-27480
3703,3801,23,-9821
3704,3802,6,-13994
3705,3803,7,-11534
3706,3804,11,-8658
3707,3805,21,1239
3708,3806,19,18013
3709,3807,5,-2925
3710,3808,14,-17206
3711,3809,8,20356
3712,3810,6,-19267
3713,3811,11,16878
3714,3812,22,-27258
3715,3813,19,-22126
3716,3814,6,-29305
3717,3815,15,-21695
3718,3816,20,-13797
3719,3817,10,-10490
3720,3818,14,-19927
3721,3820,17,11983
3722,3821,4,20440
3723,3822,22,-23026
3724,3823,4,11810
3725,3824,18,-19173
3726,3825,8,13102
3727,3826,20,-1286
3728,3827,18,-10763
3729,3828,15,41156
3730,3829,18,-26317
3731,3830,11,-9913
3732,3831,17,-19799
3733,3832,11,-27331
3734,3833,13,-5720
3735,3834,12,-8435
3736,3835,4,-1711
3737,3836,14,5948
3738,3837,19,-27411
3739,3838,13,-15641
3740,3839,12,-5998
3741,3840,16,-24714
3742,3841,5,-61
3743,3842,4,-19515
3744,3843,17,-10077
3745,3844,12,22685
3746,3845,13,-28527
3747,3846,19,236
3748,3847,15,17464
3749,3848,3,9060
3750,3849,13,-12928
3751,3850,8,38891
3752,3851,5,9825
3753,3852,8,-11601
3754,3853,17,-22285
3755,3854,11,36139
3756,3855,20,-9882
3757,3856,16,-1691
3758,3857,16,-27163
3759,3858,21,-16845
3760,3859,14,-2743
3761,3860,3,-3251
3762,3861,14,-19637
3763,3862,6,-4612
3764,3863,18,-27780
3765,3864,4,6944
3766,3865,17,26
3767,3866,15,-23781
3768,3867,15,-5851
3769,3868,7,-5888
3770,3869,7,5155
3771,3870,9,-11857
3772,3871,19,36992
3773,3872,6,-23726
3774,3873,9,-20053
3775,3874,15,-8523
3776,3875,18,23616
3777,3876,13,-3202
3778,3877,8,-18844
3779,3878,16,-22620
3780,3879,2,44269
3781,3880,17,-3985
3782,3881,2,22325
3783,3882,9,-28743
3784,3883,14,7133
3785,3884,8,1476
3786,3885,20,-8262
3787,3887,8,27664
3788,3888,5,-7410
3789,3889,8,-11998
3790,3890,17,-4525
3791,3891,4,-551
3792,3892,9,-25709
3793,3893,11,-2639
3794,3894,15,-21105
3795,3895,10,-13020
3796,3896,11,17373
3797,3897,7,7651
3798,3898,8,2601
3799,3899,14,981
3800,3900,4,-19141
3801,3901,16,-14154
3802,3902,19,-1972
3803,3903,15,-24302
3804,3904,22,-23138
3805,3905,13,-22623
3806,3906,9,-17324
3807,3907,10,-4395
3808,3908,13,-20290
3809,3909,6,-16245
3810,3910,19,-10820
3811,3912,10,25929
3812,3913,8,-29328
3813,3914,17,-5464
3814,3915,9,-8668
3815,3916,19,-9552
3816,3917,13,-4110
3817,3918,18,25228
3818,3919,2,35630
3819,3920,20,-14020
3820,3921,18,-27748
3821,3922,18,-20950
3822,3923,9,31467
3823,3924,5,-6097
3824,3925,20,-1399
3825,3926,21,-2983
3826,3927,21,-24537
3827,3928,8,-29236
3828,3929,21,-17794
3829,3930,4,-5900
3830,3931,21,-23021
3831,3932,7,-17460
3832,3933,20,10813
3833,3934,17,-80
3834,3935,5,27920
3835,3936,10,-8373
3836,3937,10,-4225
3837,3938,11,4261
3838,3939,10,-1383
3839,3940,18,-24761
3840,3941,9,-24780
3841,3942,13,-17273
3842,3943,18,-28079
3843,3944,5,15050
3844,3945,11,5600
3845,3946,10,-18780
3846,3947,19,-5648
3847,3948,5,-18686
3848,3949,7,-24934
3849,3950,8,2578
3850,3951,4,1689
3851,3952,5,-28136
3852,3953,9,-4499
3853,3954,19,-6712
3854,3955,12,-22950
3855,3956,7,13071
3856,3957,23,-9651
3857,3958,13,-18707
3858,3959,15,-207
3859,3960,18,27447
3860,3961,7,21393
3861,3962,6,18706
3862,3963,23,-26298
3863,3964,10,8416
3864,3965,6,521
3865,3966,5,-9385
3866,3967,17,-15552
3867,3968,14,-18424
3868,3969,21,-19138
3869,3970,8,-20210
3870,3971,5,-19377
3871,3972,11,-2412
3872,3973,20,-1546
3873,3974,16,-25350
3874,3975,10,-26007
3875,3976,15,-9191
3876,3977,11,-2707
3877,3978,10,32631
3878,3979,8,-13334
3879,3980,4,10267
3880,3981,21,-385
3881,3982,17,-19255
3882,3983,8,-8722
3883,3984,17,-19899
3884,3985,14,-8564
3885,3986,15,37721
3886,3987,11,-10960
3887,3988,12,-13482
3888,3989,18,-7174
3889,3990,12,-5945
3890,3991,18,20484
3891,3992,14,-26516
3892,3993,11,22665
3893,3994,21,-5410
3894,3995,18,-27082
3895,3996,11,10158
3896,3998,12,37893
3897,3999,13,-14506
3898,4000,9,31785
3899,4001,16,-4200
3900,4002,16,-5544
3901,4003,10,-21779
3902,4004,15,-26722
3903,4005,7,-11982
3904,4006,21,-4219
3905,4007,8,297
3906,4008,7,-20258
3907,4009,12,33685
3908,4010,16,-1035
3909,4011,14,-13432
3910,4012,10,70
3911,4013,8,-24976
3912,4014,6,-27671
3913,4015,18,8159
3914,4016,9,-1578
3915,4017,13,-4525
3916,4018,11,-21637
3917,4019,8,-26467
3918,4020,19,-14593
3919,4021,14,-4087
3920,4022,15,35170
3921,4023,15,20808
3922,4024,20,-6611
3923,4025,11,845
3924,4026,7,-12912
3925,4027,3,10570
3926,4028,8,36132
3927,4029,3,-13248
3928,4030,17,-21136
3929,4032,12,18443
3930,4033,12,-6448
3931,4034,17,-11317
3932,4035,13,-13087
3933,4036,16,30654
3934,4037,17,-15513
3935,4038,7,-9959
3936,4039,11,-22844
3937,4040,13,-8309
3938,4041,21,4085
3939,4042,4,17486
3940,4043,17,-16401
3941,4044,10,-27296
3942,4045,19,-2522
3943,4046,21,-21922
3944,4047,3,37683
3945,4048,13,-17154
3946,4049,8,-24767
3947,4050,16,-10496
3948,4051,10,12266
3949,4052,19,18821
3950,4053,14,-28451
3951,4054,9,-1598
3952,4055,18,-13741
3953,4056,1,41279
3954,4057,7,27821
3955,4058,14,31104
3956,4059,6,-5795
3957,4060,23,-23056
3958,4061,14,9663
3959,4062,22,-20556
3960,4063,9,-20956
3961,4064,18,-18017
3962,4065,15,24767
3963,4066,15,-12574
3964,4067,20,-27672
3965,4068,7,-17631
3966,4069,10,-17496
3967,4070,5,-4368
3968,4071,6,-20482
3969,4072,13,-15211
3970,4073,6,-25033
3971,4074,12,-10893
3972,4075,20,11039
3973,4076,12,-1688
3974,4077,8,-9922
3975,4078,17,32152
3976,4079,9,40335
3977,4080,19,-2062
3978,4081,6,-1762
3979,4082,7,-7088
3980,4083,13,-67
3981,4084,7,2432
3982,4085,13,39718
3983,4086,9,-27631
3984,4087,19,-19452
3985,4088,14,-26933
3986,4089,3,36792
3987,4090,23,-15371
3988,4091,9,-14153
3989,4092,7,-3018
3990,4093,10,-26098
3991,4094,14,-25329
3992,4095,14,-26656
3993,4096,14,30841
3994,4097,9,-3087
3995,4098,9,-25990
3996,4099,4,-1382
3997,4100,14,-11024
3998,4101,14,-21331
3999,4102,6,26187
4000,4103,20,-4643
4001,4104,7,-11377
4002,4105,11,33891
4003,4106,20,-21901
4004,4107,10,-299
4005,4108,20,14588
4006,4109,20,-13959
4007,4110,10,-25676
4008,4111,14,-28015
4009,4112,13,-44
4010,4113,7,509
4011,4114,11,-1543
4012,4115,16,19396
4013,4116,7,-519
4014,4118,13,39508
4015,4119,13,2612
4016,4120,10,-24922
4017,4121,4,-143
4018,4122,15,-2394
4019,4123,6,-3014
4020,4124,17,-19998
4021,4125,2,43460
4022,4126,12,-9191
4023,4127,9,-17367
4024,4128,9,-3336
4025,4129,5,-9090
4026,4130,15,-3965
4027,4131,21,-12565
4028,4132,13,-19078
4029,4133,8,35690
4030,4134,14,-15243
4031,4135,8,-11870
4032,4136,15,-23908
4033,4137,14,-26840
4034,4138,17,-25225
4035,4139,11,5680
4036,4140,18,-6926
4037,4141,20,-15800
4038,4142,17,25227
4039,4143,21,-26616
4040,4144,8,23278
4041,4145,6,-6860
4042,4146,5,-10165
4043,4147,19,-7173
4044,4148,9,-3980
4045,4149,17,-28146
4046,4150,18,18293
4047,4151,9,-22911
4048,4152,23,-20846
4049,4153,15,8114
4050,4154,10,-18795
4051,4155,12,6856
4052,4156,5,21818
4053,4157,20,-21882
4054,4158,8,-9606
4055,4159,14,28383
4056,4160,16,-22644
4057,4161,19,-285
4058,4162,15,-2816
4059,4163,17,-6999
4060,4164,1,40076
4061,4165,13,-24333
4062,4166,18,-5699
4063,4167,20,34185
4064,4168,15,105
4065,4169,10,38594
4066,4170,18,27357
4067,4171,13,317
4068,4172,2,25222
4069,4173,17,-15432
4070,4174,15,-21236
4071,4175,9,-26858
4072,4176,21,-27653
4073,4177,11,-2972
4074,4178,4,-7249
4075,4179,15,21531
4076,4180,20,-14912
4077,4181,6,-13388
4078,4182,9,567
4079,4183,14,-21290
4080,4184,8,7046
4081,4185,10,-27960
4082,4186,8,-21690
4083,4187,4,24619
4084,4188,15,-21062
4085,4189,20,12679
4086,4190,16,-12832
4087,4191,12,15726
4088,4192,10,-20710
4089,4193,8,-26206
4090,4194,10,-5955
4091,4195,18,-4026
4092,4196,21,-16447
4093,4197,17,-16538
4094,4198,11,-28819
4095,4199,8,-2819
4096,4200,22,-26116
4097,4201,13,17969
4098,4202,8,-16140
4099,4203,14,18853
4100,4204,17,37737
4101,4205,10,20014
4102,4206,13,21763
4103,4207,16,30806
4104,4208,10,3181
4105,4209,15,-21036
4106,4210,18,11091
4107,4211,14,-26778
4108,4212,20,-8709
4109,4213,18,1652
4110,4214,10,-25431
4111,4215,8,21326
4112,4216,5,-16509
4113,4217,20,-27737
4114,4218,9,1455
4115,4219,17,-10984
4116,4221,22,-25873
4117,4222,3,13099
4118,4223,10,-17353
4119,4224,5,-2839
4120,4225,23,-22496
4121,4226,8,-7139
4122,4228,19,-26073
4123,4229,12,-28563
4124,4230,11,12864
4125,4231,18,-19950
4126,4232,5,33647
4127,4233,10,16732
4128,4234,13,-1836
4129,4235,17,-18264
4130,4236,11,11437
4131,4237,10,-428
4132,4238,7,-24734
4133,4239,18,-22277
4134,4240,6,-18704
4135,4241,9,-6055
4136,4242,22,-25049
4137,4243,6,-8778
4138,4244,12,29692
4139,4245,10,1183
4140,4246,4,14493
4141,4247,10,-10632
4142,4248,19,-5257
4143,4249,10,-2909
4144,4250,13,-28676
4145,4251,9,-12825
4146,4252,21,-17389
4147,4253,6,30446
4148,4254,16,-101
4149,4255,8,39174
4150,4256,15,-5620
4151,4257,8,-3693
4152,4258,16,-11223
4153,4259,5,22964
4154,4260,7,6838
4155,4261,20,-4440
4156,4262,9,-24763
4157,4263,18,-7005
4158,4264,14,2385
4159,4265,10,1002
4160,4266,18,-20694
4161,4267,19,-27435
4162,4268,16,-25112
4163,4269,18,-2021
4164,4270,14,185
4165,4271,5,-7438
4166,4272,11,10691
4167,4273,12,-1639
4168,4274,10,-19095
4169,4275,5,14417
4170,4276,6,-19385
4171,4277,7,5562
4172,4278,5,-4572
4173,4279,12,-5428
4174,4280,8,20243
4175,4281,21,-22280
4176,4282,5,-11461
4177,4283,12,-201
4178,4284,15,-12610
4179,4285,21,5478
4180,4286,21,1563
4181,4287,7,-1964
4182,4288,15,-17686
4183,4289,16,-11424
4184,4290,8,-1498
4185,4291,16,-2570
4186,4292,13,28480
4187,4293,19,-1870
4188,4294,6,-8404
4189,4295,6,35260
4190,4296,7,-19289
4191,4297,20,-20761
4192,4298,9,-18592
4193,4299,18,-22432
4194,4300,9,-10318
4195,4301,9,-16
4196,4302,23,-21920
4197,4303,12,-14320
4198,4304,10,-8638
4199,4305,14,40715
4200,4307,4,-1497
4201,4308,19,-26611
4202,4309,19,-6001
4203,4310,9,28709
4204,4311,11,-25686
4205,4312,11,-14063
4206,4313,19,-4417
4207,4314,12,-24529
4208,4315,17,-21244
4209,4316,11,41464
4210,4317,1,38233
4211,4318,9,-25176
4212,4319,14,-25730
4213,4320,13,-15831
4214,4321,22,-23478
4215,4322,18,-15227
4216,4323,11,12975
4217,4324,12,-7395
4218,4325,12,-8994
4219,4326,16,-17324
4220,4327,18,1653
4221,4328,16,4063
4222,4329,11,-17032
4223,4330,21,-10829
4224,4331,5,-16590
4225,4332,19,-1387
4226,4334,21,-24858
4227,4335,14,29859
4228,4336,19,-17021
4229,4337,11,-27239
4230,4338,8,-7087
4231,4339,13,-25612
4232,4340,10,-27701
4233,4341,14,-17049
4234,4342,16,-8474
4235,4343,22,-23484
4236,4344,14,-7339
4237,4345,7,14373
4238,4347,16,-24550
4239,4348,8,30157
4240,4349,9,-27693
4241,4350,10,-23239
4242,4351,14,-24111
4243,4352,15,-10053
4244,4353,9,-21598
4245,4354,2,23273
4246,4355,11,35916
4247,4356,3,35115
4248,4357,20,5090
4249,4358,22,-17875
4250,4359,20,6912
4251,4360,6,-7433
4252,4361,19,-26294
4253,4362,17,-27447
4254,4363,19,-2904
4255,4364,11,-648
4256,4365,14,-25550
4257,4366,16,-18059
4258,4367,16,6779
4259,4368,6,15628
4260,4369,19,-14019
4261,4370,11,-2732
4262,4371,14,-19725
4263,4372,6,-23299
4264,4373,7,-6058
4265,4374,6,-7936
4266,4375,2,31115
4267,4376,11,-15517
4268,4377,19,-27764
4269,4378,17,-25672
4270,4379,14,-13964
4271,4380,11,-24387
4272,4381,17,-27535
4273,4382,10,5714
4274,4383,7,-8723
4275,4384,22,-21961
4276,4385,19,-18075
4277,4386,17,-3689
4278,4387,16,40642
4279,4388,12,17884
4280,4389,19,-12566
4281,4390,5,11720
4282,4391,12,555
4283,4392,9,31228
4284,4393,9,-24420
4285,4394,22,-25413
4286,4395,6,-27358
4287,4397,18,-14927
4288,4398,8,-10268
4289,4399,22,-16736
4290,4400,22,-21699
4291,4401,5,-5829
4292,4402,5,-228
4293,4403,11,-12802
4294,4404,19,-8492
4295,4405,6,-10441
4296,4406,6,7492
4297,4407,8,-27700
4298,4408,18,-4184
4299,4409,8,21465
